{
    "graph": [
        {
            "author": " Chantelle Smith", 
            "cards": [
                {
                    "active": true, 
                    "cardid": "fb8d6a70-6f4f-11ea-b497-c0b8832fa043", 
                    "component_id": "f05e4d3a-53c1-11e8-b0ea-784f435179ea", 
                    "config": null, 
                    "cssclass": null, 
                    "description": null, 
                    "graph_id": "4239d541-6eaf-11ea-90f4-c0b8832fa043", 
                    "helpenabled": false, 
                    "helptext": null, 
                    "helptitle": null, 
                    "instructions": null, 
                    "is_editable": false, 
                    "name": "Sheep Breed", 
                    "nodegroup_id": "fb8d1c4f-6f4f-11ea-9f58-c0b8832fa043", 
                    "sortorder": 3, 
                    "visible": true
                }, 
                {
                    "active": true, 
                    "cardid": "3cfa411e-6f4d-11ea-9ce2-c0b8832fa043", 
                    "component_id": "f05e4d3a-53c1-11e8-b0ea-784f435179ea", 
                    "config": null, 
                    "cssclass": null, 
                    "description": null, 
                    "graph_id": "4239d541-6eaf-11ea-90f4-c0b8832fa043", 
                    "helpenabled": false, 
                    "helptext": null, 
                    "helptitle": null, 
                    "instructions": null, 
                    "is_editable": false, 
                    "name": "Commonly Known As", 
                    "nodegroup_id": "3cf97dcf-6f4d-11ea-a4c0-c0b8832fa043", 
                    "sortorder": 1, 
                    "visible": true
                }, 
                {
                    "active": true, 
                    "cardid": "36f68c30-6f47-11ea-a036-c0b8832fa043", 
                    "component_id": "f05e4d3a-53c1-11e8-b0ea-784f435179ea", 
                    "config": null, 
                    "cssclass": null, 
                    "description": null, 
                    "graph_id": "4239d541-6eaf-11ea-90f4-c0b8832fa043", 
                    "helpenabled": false, 
                    "helptext": null, 
                    "helptitle": null, 
                    "instructions": null, 
                    "is_editable": false, 
                    "name": "Sheep Name", 
                    "nodegroup_id": "36f5eff0-6f47-11ea-a90e-c0b8832fa043", 
                    "sortorder": 2, 
                    "visible": true
                }, 
                {
                    "active": true, 
                    "cardid": "0cd23bc0-6f51-11ea-b453-c0b8832fa043", 
                    "component_id": "f05e4d3a-53c1-11e8-b0ea-784f435179ea", 
                    "config": null, 
                    "cssclass": null, 
                    "description": null, 
                    "graph_id": "4239d541-6eaf-11ea-90f4-c0b8832fa043", 
                    "helpenabled": false, 
                    "helptext": null, 
                    "helptitle": null, 
                    "instructions": null, 
                    "is_editable": false, 
                    "name": "Family", 
                    "nodegroup_id": "0cd0dc30-6f51-11ea-83f8-c0b8832fa043", 
                    "sortorder": 5, 
                    "visible": true
                }, 
                {
                    "active": true, 
                    "cardid": "764e8440-6f52-11ea-ad4c-c0b8832fa043", 
                    "component_id": "f05e4d3a-53c1-11e8-b0ea-784f435179ea", 
                    "config": null, 
                    "cssclass": null, 
                    "description": null, 
                    "graph_id": "4239d541-6eaf-11ea-90f4-c0b8832fa043", 
                    "helpenabled": false, 
                    "helptext": null, 
                    "helptitle": null, 
                    "instructions": null, 
                    "is_editable": false, 
                    "name": "Birth and Death", 
                    "nodegroup_id": "764cfda1-6f52-11ea-a2f6-c0b8832fa043", 
                    "sortorder": 6, 
                    "visible": true
                }, 
                {
                    "active": true, 
                    "cardid": "32afb261-6f55-11ea-a5e2-c0b8832fa043", 
                    "component_id": "f05e4d3a-53c1-11e8-b0ea-784f435179ea", 
                    "config": null, 
                    "cssclass": null, 
                    "description": null, 
                    "graph_id": "4239d541-6eaf-11ea-90f4-c0b8832fa043", 
                    "helpenabled": false, 
                    "helptext": null, 
                    "helptitle": null, 
                    "instructions": null, 
                    "is_editable": false, 
                    "name": "Date of Record", 
                    "nodegroup_id": "32ae2bc0-6f55-11ea-b258-c0b8832fa043", 
                    "sortorder": 10, 
                    "visible": true
                }, 
                {
                    "active": true, 
                    "cardid": "5ceec7ae-6f54-11ea-a206-c0b8832fa043", 
                    "component_id": "f05e4d3a-53c1-11e8-b0ea-784f435179ea", 
                    "config": null, 
                    "cssclass": null, 
                    "description": null, 
                    "graph_id": "4239d541-6eaf-11ea-90f4-c0b8832fa043", 
                    "helpenabled": false, 
                    "helptext": null, 
                    "helptitle": null, 
                    "instructions": null, 
                    "is_editable": false, 
                    "name": "Children", 
                    "nodegroup_id": "3f0d3e6e-6f54-11ea-94b7-c0b8832fa043", 
                    "sortorder": null, 
                    "visible": true
                }, 
                {
                    "active": true, 
                    "cardid": "07bf2bcf-6eb0-11ea-a552-c0b8832fa043", 
                    "component_id": "f05e4d3a-53c1-11e8-b0ea-784f435179ea", 
                    "config": null, 
                    "cssclass": null, 
                    "description": null, 
                    "graph_id": "4239d541-6eaf-11ea-90f4-c0b8832fa043", 
                    "helpenabled": false, 
                    "helptext": null, 
                    "helptitle": null, 
                    "instructions": null, 
                    "is_editable": false, 
                    "name": "Flock Identifier", 
                    "nodegroup_id": "07beb69e-6eb0-11ea-a1ea-c0b8832fa043", 
                    "sortorder": 0, 
                    "visible": true
                }, 
                {
                    "active": true, 
                    "cardid": "1649f3b0-6f55-11ea-b7ac-c0b8832fa043", 
                    "component_id": "f05e4d3a-53c1-11e8-b0ea-784f435179ea", 
                    "config": null, 
                    "cssclass": null, 
                    "description": null, 
                    "graph_id": "4239d541-6eaf-11ea-90f4-c0b8832fa043", 
                    "helpenabled": false, 
                    "helptext": null, 
                    "helptitle": null, 
                    "instructions": null, 
                    "is_editable": false, 
                    "name": "Digital Image", 
                    "nodegroup_id": "16497e80-6f55-11ea-8329-c0b8832fa043", 
                    "sortorder": 9, 
                    "visible": true
                }, 
                {
                    "active": true, 
                    "cardid": "59c5f3f0-6f55-11ea-bd73-c0b8832fa043", 
                    "component_id": "f05e4d3a-53c1-11e8-b0ea-784f435179ea", 
                    "config": null, 
                    "cssclass": null, 
                    "description": null, 
                    "graph_id": "4239d541-6eaf-11ea-90f4-c0b8832fa043", 
                    "helpenabled": false, 
                    "helptext": null, 
                    "helptitle": null, 
                    "instructions": null, 
                    "is_editable": false, 
                    "name": "Description", 
                    "nodegroup_id": "59c46d4f-6f55-11ea-a789-c0b8832fa043", 
                    "sortorder": 8, 
                    "visible": true
                }, 
                {
                    "active": true, 
                    "cardid": "7293b111-6f50-11ea-b877-c0b8832fa043", 
                    "component_id": "f05e4d3a-53c1-11e8-b0ea-784f435179ea", 
                    "config": null, 
                    "cssclass": null, 
                    "description": null, 
                    "graph_id": "4239d541-6eaf-11ea-90f4-c0b8832fa043", 
                    "helpenabled": false, 
                    "helptext": null, 
                    "helptitle": null, 
                    "instructions": null, 
                    "is_editable": false, 
                    "name": "Sheep Gender", 
                    "nodegroup_id": "72938a00-6f50-11ea-b924-c0b8832fa043", 
                    "sortorder": 4, 
                    "visible": true
                }, 
                {
                    "active": true, 
                    "cardid": "8727cd0f-6f54-11ea-a768-c0b8832fa043", 
                    "component_id": "f05e4d3a-53c1-11e8-b0ea-784f435179ea", 
                    "config": null, 
                    "cssclass": null, 
                    "description": null, 
                    "graph_id": "4239d541-6eaf-11ea-90f4-c0b8832fa043", 
                    "helpenabled": false, 
                    "helptext": null, 
                    "helptitle": null, 
                    "instructions": null, 
                    "is_editable": false, 
                    "name": "Siblings", 
                    "nodegroup_id": "74b0a0cf-6f54-11ea-be33-c0b8832fa043", 
                    "sortorder": null, 
                    "visible": true
                }, 
                {
                    "active": true, 
                    "cardid": "9bc0048f-6f54-11ea-b199-c0b8832fa043", 
                    "component_id": "f05e4d3a-53c1-11e8-b0ea-784f435179ea", 
                    "config": null, 
                    "cssclass": null, 
                    "description": null, 
                    "graph_id": "4239d541-6eaf-11ea-90f4-c0b8832fa043", 
                    "helpenabled": false, 
                    "helptext": null, 
                    "helptitle": null, 
                    "instructions": null, 
                    "is_editable": false, 
                    "name": "Locations", 
                    "nodegroup_id": "9bbfdd80-6f54-11ea-bd04-c0b8832fa043", 
                    "sortorder": 7, 
                    "visible": true
                }
            ], 
            "cards_x_nodes_x_widgets": [
                {
                    "card_id": "07bf2bcf-6eb0-11ea-a552-c0b8832fa043", 
                    "config": {
                        "defaultValue": "", 
                        "label": "Flock Member Number", 
                        "max": "", 
                        "min": "", 
                        "placeholder": "Enter number", 
                        "precision": "0", 
                        "prefix": "", 
                        "step": "", 
                        "suffix": "", 
                        "width": "100%"
                    }, 
                    "id": "681aa801-6f47-11ea-b3f3-c0b8832fa043", 
                    "label": "Flock Member Number", 
                    "node_id": "07beb69e-6eb0-11ea-a1ea-c0b8832fa043", 
                    "sortorder": 0, 
                    "visible": true, 
                    "widget_id": "10000000-0000-0000-0000-000000000008"
                }, 
                {
                    "card_id": "764e8440-6f52-11ea-ad4c-c0b8832fa043", 
                    "config": {
                        "defaultValue": "", 
                        "label": "Date of Death", 
                        "placeholder": ""
                    }, 
                    "id": "1f89ec10-6f54-11ea-82f0-c0b8832fa043", 
                    "label": "Date of Death", 
                    "node_id": "95db08f0-6f53-11ea-9d00-c0b8832fa043", 
                    "sortorder": null, 
                    "visible": true, 
                    "widget_id": "adfd15ce-dbab-11e7-86d1-0fcf08612b27"
                }, 
                {
                    "card_id": "764e8440-6f52-11ea-ad4c-c0b8832fa043", 
                    "config": {
                        "defaultValue": null, 
                        "label": "Born to Flock?"
                    }, 
                    "id": "1f8b72b1-6f54-11ea-968e-c0b8832fa043", 
                    "label": "Born to Flock?", 
                    "node_id": "d9a26a11-6f53-11ea-a50e-c0b8832fa043", 
                    "sortorder": null, 
                    "visible": true, 
                    "widget_id": "10000000-0000-0000-0000-000000000006"
                }, 
                {
                    "card_id": "764e8440-6f52-11ea-ad4c-c0b8832fa043", 
                    "config": {
                        "defaultValue": "", 
                        "label": "Place of Birth", 
                        "placeholder": "Select an option"
                    }, 
                    "id": "1f8be7e2-6f54-11ea-a26e-c0b8832fa043", 
                    "label": "Place of Birth", 
                    "node_id": "aa3b1970-6f53-11ea-955c-c0b8832fa043", 
                    "sortorder": null, 
                    "visible": true, 
                    "widget_id": "10000000-0000-0000-0000-000000000015"
                }, 
                {
                    "card_id": "764e8440-6f52-11ea-ad4c-c0b8832fa043", 
                    "config": {
                        "defaultValue": "", 
                        "label": "Date of Birth", 
                        "placeholder": ""
                    }, 
                    "id": "1f8c8421-6f54-11ea-af06-c0b8832fa043", 
                    "label": "Date of Birth", 
                    "node_id": "7ca135cf-6f53-11ea-8546-c0b8832fa043", 
                    "sortorder": null, 
                    "visible": true, 
                    "widget_id": "adfd15ce-dbab-11e7-86d1-0fcf08612b27"
                }, 
                {
                    "card_id": "3cfa411e-6f4d-11ea-9ce2-c0b8832fa043", 
                    "config": {
                        "label": "Sheep Commonly Known As", 
                        "placeholder": ""
                    }, 
                    "id": "79a4b0f0-6f4e-11ea-a7f4-c0b8832fa043", 
                    "label": "Sheep Commonly Known As", 
                    "node_id": "3cf97dcf-6f4d-11ea-a4c0-c0b8832fa043", 
                    "sortorder": 0, 
                    "visible": true, 
                    "widget_id": "f5d6b190-bbf0-4dc9-b991-1debab8cb4a9"
                }, 
                {
                    "card_id": "7293b111-6f50-11ea-b877-c0b8832fa043", 
                    "config": {
                        "defaultValue": "", 
                        "label": "Gender", 
                        "options": [], 
                        "placeholder": "Select an option"
                    }, 
                    "id": "027e30c1-6f51-11ea-bfaa-c0b8832fa043", 
                    "label": "Gender", 
                    "node_id": "72938a00-6f50-11ea-b924-c0b8832fa043", 
                    "sortorder": 0, 
                    "visible": true, 
                    "widget_id": "10000000-0000-0000-0000-000000000002"
                }, 
                {
                    "card_id": "0cd23bc0-6f51-11ea-b453-c0b8832fa043", 
                    "config": {
                        "label": "Dam", 
                        "placeholder": ""
                    }, 
                    "id": "23a6a041-6f54-11ea-acc4-c0b8832fa043", 
                    "label": "Dam", 
                    "node_id": "2636fa00-6f52-11ea-933a-c0b8832fa043", 
                    "sortorder": null, 
                    "visible": true, 
                    "widget_id": "31f3728c-7613-11e7-a139-784f435179ea"
                }, 
                {
                    "card_id": "0cd23bc0-6f51-11ea-b453-c0b8832fa043", 
                    "config": {
                        "defaultValue": "", 
                        "label": "Sire", 
                        "maxLength": null, 
                        "placeholder": "Enter text", 
                        "width": "100%"
                    }, 
                    "id": "23a87501-6f54-11ea-89c7-c0b8832fa043", 
                    "label": "Sire", 
                    "node_id": "40b07911-6f52-11ea-ad1e-c0b8832fa043", 
                    "sortorder": null, 
                    "visible": true, 
                    "widget_id": "10000000-0000-0000-0000-000000000001"
                }, 
                {
                    "card_id": "fb8d6a70-6f4f-11ea-b497-c0b8832fa043", 
                    "config": {
                        "defaultValue": "", 
                        "label": "Breed", 
                        "options": [], 
                        "placeholder": "Select an option"
                    }, 
                    "id": "3cb7645f-6f50-11ea-8ced-c0b8832fa043", 
                    "label": "Breed", 
                    "node_id": "fb8d1c4f-6f4f-11ea-9f58-c0b8832fa043", 
                    "sortorder": 0, 
                    "visible": true, 
                    "widget_id": "10000000-0000-0000-0000-000000000012"
                }, 
                {
                    "card_id": "5ceec7ae-6f54-11ea-a206-c0b8832fa043", 
                    "config": {
                        "label": "Children", 
                        "placeholder": ""
                    }, 
                    "id": "6100cd81-6f54-11ea-a814-c0b8832fa043", 
                    "label": "Children", 
                    "node_id": "3f0d3e6e-6f54-11ea-94b7-c0b8832fa043", 
                    "sortorder": null, 
                    "visible": true, 
                    "widget_id": "ff3c400a-76ec-11e7-a793-784f435179ea"
                }, 
                {
                    "card_id": "8727cd0f-6f54-11ea-a768-c0b8832fa043", 
                    "config": {
                        "label": "Siblings", 
                        "placeholder": ""
                    }, 
                    "id": "8c31a062-6f54-11ea-9521-c0b8832fa043", 
                    "label": "Siblings", 
                    "node_id": "74b0a0cf-6f54-11ea-be33-c0b8832fa043", 
                    "sortorder": null, 
                    "visible": true, 
                    "widget_id": "ff3c400a-76ec-11e7-a793-784f435179ea"
                }, 
                {
                    "card_id": "9bc0048f-6f54-11ea-b199-c0b8832fa043", 
                    "config": {
                        "defaultValue": "", 
                        "label": "All Places Lived", 
                        "placeholder": "Select an option"
                    }, 
                    "id": "f93cd171-6f54-11ea-891a-c0b8832fa043", 
                    "label": "All Places Lived", 
                    "node_id": "b76be91e-6f54-11ea-a7e9-c0b8832fa043", 
                    "sortorder": 0, 
                    "visible": true, 
                    "widget_id": "10000000-0000-0000-0000-000000000016"
                }, 
                {
                    "card_id": "9bc0048f-6f54-11ea-b199-c0b8832fa043", 
                    "config": {
                        "basemap": "streets", 
                        "bearing": 0, 
                        "centerX": -1.97929404861, 
                        "centerY": 52.8608978021, 
                        "defaultValue": "", 
                        "defaultValueType": 0, 
                        "featureColor": "#FF0000", 
                        "featureLineWidth": 1, 
                        "featurePointSize": 3, 
                        "geocodePlaceholder": "Search", 
                        "geocodeProvider": "10000000-0000-0000-0000-010000000000", 
                        "geocoderVisible": true, 
                        "geometryTypes": [
                            {
                                "id": "Point", 
                                "text": "Point"
                            }, 
                            {
                                "id": "Line", 
                                "text": "Line"
                            }, 
                            {
                                "id": "Polygon", 
                                "text": "Polygon"
                            }
                        ], 
                        "label": "Last Known Location", 
                        "maxZoom": 17, 
                        "minZoom": 5, 
                        "overlayConfigs": [], 
                        "overlayOpacity": 0, 
                        "pitch": 0, 
                        "rerender": true, 
                        "zoom": 5
                    }, 
                    "id": "f93ecd41-6f54-11ea-8aa5-c0b8832fa043", 
                    "label": "Last Known Location", 
                    "node_id": "d6442e70-6f54-11ea-b89a-c0b8832fa043", 
                    "sortorder": 1, 
                    "visible": true, 
                    "widget_id": "10000000-0000-0000-0000-000000000007"
                }, 
                {
                    "card_id": "1649f3b0-6f55-11ea-b7ac-c0b8832fa043", 
                    "config": {
                        "acceptedFiles": "", 
                        "label": "Photograph", 
                        "maxFilesize": "200", 
                        "rerender": true
                    }, 
                    "id": "2f03c162-6f55-11ea-8695-c0b8832fa043", 
                    "label": "Photograph", 
                    "node_id": "16497e80-6f55-11ea-8329-c0b8832fa043", 
                    "sortorder": 0, 
                    "visible": true, 
                    "widget_id": "10000000-0000-0000-0000-000000000019"
                }, 
                {
                    "card_id": "32afb261-6f55-11ea-a5e2-c0b8832fa043", 
                    "config": {
                        "dateFormat": "YYYY-MM-DD", 
                        "defaultValue": "", 
                        "label": "Date Recorded", 
                        "maxDate": false, 
                        "minDate": false, 
                        "placeholder": "Enter date", 
                        "viewMode": "days"
                    }, 
                    "id": "4d5dfd12-6f55-11ea-bdaf-c0b8832fa043", 
                    "label": "Date Recorded", 
                    "node_id": "32ae2bc0-6f55-11ea-b258-c0b8832fa043", 
                    "sortorder": 0, 
                    "visible": true, 
                    "widget_id": "10000000-0000-0000-0000-000000000004"
                }, 
                {
                    "card_id": "59c5f3f0-6f55-11ea-bd73-c0b8832fa043", 
                    "config": {
                        "defaultValue": "", 
                        "label": "Additional Information", 
                        "maxLength": null, 
                        "placeholder": "Enter text", 
                        "width": "100%"
                    }, 
                    "id": "84f678b1-6f55-11ea-a946-c0b8832fa043", 
                    "label": "Additional Information", 
                    "node_id": "69562ce1-6f55-11ea-b26c-c0b8832fa043", 
                    "sortorder": null, 
                    "visible": true, 
                    "widget_id": "10000000-0000-0000-0000-000000000005"
                }
            ], 
            "color": null, 
            "config": {}, 
            "deploymentdate": null, 
            "deploymentfile": null, 
            "description": "Built for the sole purpose of testing accessibility functionality, contains information about Chantelle's sheep.  Solely for use by the Dev team.", 
            "edges": [
                {
                    "description": null, 
                    "domainnode_id": "0cd0dc30-6f51-11ea-83f8-c0b8832fa043", 
                    "edgeid": "40b0a021-6f52-11ea-a869-c0b8832fa043", 
                    "graph_id": "4239d541-6eaf-11ea-90f4-c0b8832fa043", 
                    "name": null, 
                    "ontologyproperty": "http://www.cidoc-crm.org/cidoc-crm/P107_has_current_or_former_member", 
                    "rangenode_id": "40b07911-6f52-11ea-ad1e-c0b8832fa043"
                }, 
                {
                    "description": null, 
                    "domainnode_id": "764cfda1-6f52-11ea-a2f6-c0b8832fa043", 
                    "edgeid": "aa3b1971-6f53-11ea-9079-c0b8832fa043", 
                    "graph_id": "4239d541-6eaf-11ea-90f4-c0b8832fa043", 
                    "name": null, 
                    "ontologyproperty": "http://www.cidoc-crm.org/cidoc-crm/P1_is_identified_by", 
                    "rangenode_id": "aa3b1970-6f53-11ea-955c-c0b8832fa043"
                }, 
                {
                    "description": null, 
                    "domainnode_id": "9bbfdd80-6f54-11ea-bd04-c0b8832fa043", 
                    "edgeid": "b76c102e-6f54-11ea-9d13-c0b8832fa043", 
                    "graph_id": "4239d541-6eaf-11ea-90f4-c0b8832fa043", 
                    "name": null, 
                    "ontologyproperty": "http://www.cidoc-crm.org/cidoc-crm/P1_is_identified_by", 
                    "rangenode_id": "b76be91e-6f54-11ea-a7e9-c0b8832fa043"
                }, 
                {
                    "description": null, 
                    "domainnode_id": "4239d540-6eaf-11ea-8b00-c0b8832fa043", 
                    "edgeid": "9bc052b0-6f54-11ea-b3ad-c0b8832fa043", 
                    "graph_id": "4239d541-6eaf-11ea-90f4-c0b8832fa043", 
                    "name": null, 
                    "ontologyproperty": "http://www.cidoc-crm.org/cidoc-crm/P67_refers_to", 
                    "rangenode_id": "9bbfdd80-6f54-11ea-bd04-c0b8832fa043"
                }, 
                {
                    "description": null, 
                    "domainnode_id": "36f5eff0-6f47-11ea-a90e-c0b8832fa043", 
                    "edgeid": "f49d20b1-6f4b-11ea-b99a-c0b8832fa043", 
                    "graph_id": "4239d541-6eaf-11ea-90f4-c0b8832fa043", 
                    "name": null, 
                    "ontologyproperty": "http://www.cidoc-crm.org/cidoc-crm/P2_has_type", 
                    "rangenode_id": "f49d20b0-6f4b-11ea-a91e-c0b8832fa043"
                }, 
                {
                    "description": null, 
                    "domainnode_id": "4239d540-6eaf-11ea-8b00-c0b8832fa043", 
                    "edgeid": "fb8e2dc0-6f4f-11ea-b56e-c0b8832fa043", 
                    "graph_id": "4239d541-6eaf-11ea-90f4-c0b8832fa043", 
                    "name": null, 
                    "ontologyproperty": "http://www.cidoc-crm.org/cidoc-crm/P2_has_type", 
                    "rangenode_id": "fb8d1c4f-6f4f-11ea-9f58-c0b8832fa043"
                }, 
                {
                    "description": null, 
                    "domainnode_id": "4239d540-6eaf-11ea-8b00-c0b8832fa043", 
                    "edgeid": "59c64211-6f55-11ea-9c13-c0b8832fa043", 
                    "graph_id": "4239d541-6eaf-11ea-90f4-c0b8832fa043", 
                    "name": null, 
                    "ontologyproperty": "http://www.cidoc-crm.org/cidoc-crm/P140i_was_attributed_by", 
                    "rangenode_id": "59c46d4f-6f55-11ea-a789-c0b8832fa043"
                }, 
                {
                    "description": null, 
                    "domainnode_id": "4239d540-6eaf-11ea-8b00-c0b8832fa043", 
                    "edgeid": "72942640-6f50-11ea-b23c-c0b8832fa043", 
                    "graph_id": "4239d541-6eaf-11ea-90f4-c0b8832fa043", 
                    "name": null, 
                    "ontologyproperty": "http://www.cidoc-crm.org/cidoc-crm/P2_has_type", 
                    "rangenode_id": "72938a00-6f50-11ea-b924-c0b8832fa043"
                }, 
                {
                    "description": null, 
                    "domainnode_id": "4239d540-6eaf-11ea-8b00-c0b8832fa043", 
                    "edgeid": "3cfadd61-6f4d-11ea-9c28-c0b8832fa043", 
                    "graph_id": "4239d541-6eaf-11ea-90f4-c0b8832fa043", 
                    "name": null, 
                    "ontologyproperty": "http://www.cidoc-crm.org/cidoc-crm/P1_is_identified_by", 
                    "rangenode_id": "3cf97dcf-6f4d-11ea-a4c0-c0b8832fa043"
                }, 
                {
                    "description": null, 
                    "domainnode_id": "4239d540-6eaf-11ea-8b00-c0b8832fa043", 
                    "edgeid": "164a41cf-6f55-11ea-87cd-c0b8832fa043", 
                    "graph_id": "4239d541-6eaf-11ea-90f4-c0b8832fa043", 
                    "name": null, 
                    "ontologyproperty": "http://www.cidoc-crm.org/cidoc-crm/P129_is_about", 
                    "rangenode_id": "16497e80-6f55-11ea-8329-c0b8832fa043"
                }, 
                {
                    "description": null, 
                    "domainnode_id": "764cfda1-6f52-11ea-a2f6-c0b8832fa043", 
                    "edgeid": "7ca135d0-6f53-11ea-860f-c0b8832fa043", 
                    "graph_id": "4239d541-6eaf-11ea-90f4-c0b8832fa043", 
                    "name": null, 
                    "ontologyproperty": "http://www.cidoc-crm.org/cidoc-crm/P1_is_identified_by", 
                    "rangenode_id": "7ca135cf-6f53-11ea-8546-c0b8832fa043"
                }, 
                {
                    "description": null, 
                    "domainnode_id": "26eb9211-6f54-11ea-b67c-c0b8832fa043", 
                    "edgeid": "74b0a0d0-6f54-11ea-b2ac-c0b8832fa043", 
                    "graph_id": "4239d541-6eaf-11ea-90f4-c0b8832fa043", 
                    "name": null, 
                    "ontologyproperty": "http://www.cidoc-crm.org/cidoc-crm/P46i_forms_part_of", 
                    "rangenode_id": "74b0a0cf-6f54-11ea-be33-c0b8832fa043"
                }, 
                {
                    "description": null, 
                    "domainnode_id": "4239d540-6eaf-11ea-8b00-c0b8832fa043", 
                    "edgeid": "36f6da4f-6f47-11ea-9059-c0b8832fa043", 
                    "graph_id": "4239d541-6eaf-11ea-90f4-c0b8832fa043", 
                    "name": null, 
                    "ontologyproperty": "http://www.cidoc-crm.org/cidoc-crm/P1_is_identified_by", 
                    "rangenode_id": "36f5eff0-6f47-11ea-a90e-c0b8832fa043"
                }, 
                {
                    "description": null, 
                    "domainnode_id": "4239d540-6eaf-11ea-8b00-c0b8832fa043", 
                    "edgeid": "764ed25e-6f52-11ea-b8c3-c0b8832fa043", 
                    "graph_id": "4239d541-6eaf-11ea-90f4-c0b8832fa043", 
                    "name": null, 
                    "ontologyproperty": "http://www.cidoc-crm.org/cidoc-crm/P67_refers_to", 
                    "rangenode_id": "764cfda1-6f52-11ea-a2f6-c0b8832fa043"
                }, 
                {
                    "description": null, 
                    "domainnode_id": "4239d540-6eaf-11ea-8b00-c0b8832fa043", 
                    "edgeid": "0cd289e1-6f51-11ea-b502-c0b8832fa043", 
                    "graph_id": "4239d541-6eaf-11ea-90f4-c0b8832fa043", 
                    "name": null, 
                    "ontologyproperty": "http://www.cidoc-crm.org/cidoc-crm/P67_refers_to", 
                    "rangenode_id": "0cd0dc30-6f51-11ea-83f8-c0b8832fa043"
                }, 
                {
                    "description": null, 
                    "domainnode_id": "59c46d4f-6f55-11ea-a789-c0b8832fa043", 
                    "edgeid": "69562ce2-6f55-11ea-8d65-c0b8832fa043", 
                    "graph_id": "4239d541-6eaf-11ea-90f4-c0b8832fa043", 
                    "name": null, 
                    "ontologyproperty": "http://www.cidoc-crm.org/cidoc-crm/P3_has_note", 
                    "rangenode_id": "69562ce1-6f55-11ea-b26c-c0b8832fa043"
                }, 
                {
                    "description": null, 
                    "domainnode_id": "36f5eff0-6f47-11ea-a90e-c0b8832fa043", 
                    "edgeid": "8f49a4e2-6f4b-11ea-a371-c0b8832fa043", 
                    "graph_id": "4239d541-6eaf-11ea-90f4-c0b8832fa043", 
                    "name": null, 
                    "ontologyproperty": "http://www.cidoc-crm.org/cidoc-crm/P106_is_composed_of", 
                    "rangenode_id": "8f49a4e1-6f4b-11ea-b1bb-c0b8832fa043"
                }, 
                {
                    "description": null, 
                    "domainnode_id": "0cd0dc30-6f51-11ea-83f8-c0b8832fa043", 
                    "edgeid": "35b1eb50-6f54-11ea-a552-c0b8832fa043", 
                    "graph_id": "4239d541-6eaf-11ea-90f4-c0b8832fa043", 
                    "name": null, 
                    "ontologyproperty": "http://www.cidoc-crm.org/cidoc-crm/P107_has_current_or_former_member", 
                    "rangenode_id": "35b1eb4f-6f54-11ea-ae38-c0b8832fa043"
                }, 
                {
                    "description": null, 
                    "domainnode_id": "35b1eb4f-6f54-11ea-ae38-c0b8832fa043", 
                    "edgeid": "3f0d3e6f-6f54-11ea-abc7-c0b8832fa043", 
                    "graph_id": "4239d541-6eaf-11ea-90f4-c0b8832fa043", 
                    "name": null, 
                    "ontologyproperty": "http://www.cidoc-crm.org/cidoc-crm/P46i_forms_part_of", 
                    "rangenode_id": "3f0d3e6e-6f54-11ea-94b7-c0b8832fa043"
                }, 
                {
                    "description": null, 
                    "domainnode_id": "764cfda1-6f52-11ea-a2f6-c0b8832fa043", 
                    "edgeid": "95db08f1-6f53-11ea-af86-c0b8832fa043", 
                    "graph_id": "4239d541-6eaf-11ea-90f4-c0b8832fa043", 
                    "name": null, 
                    "ontologyproperty": "http://www.cidoc-crm.org/cidoc-crm/P1_is_identified_by", 
                    "rangenode_id": "95db08f0-6f53-11ea-9d00-c0b8832fa043"
                }, 
                {
                    "description": null, 
                    "domainnode_id": "4239d540-6eaf-11ea-8b00-c0b8832fa043", 
                    "edgeid": "32b00080-6f55-11ea-94c2-c0b8832fa043", 
                    "graph_id": "4239d541-6eaf-11ea-90f4-c0b8832fa043", 
                    "name": null, 
                    "ontologyproperty": "http://www.ics.forth.gr/isl/CRMdig/L54i_is_same-as", 
                    "rangenode_id": "32ae2bc0-6f55-11ea-b258-c0b8832fa043"
                }, 
                {
                    "description": null, 
                    "domainnode_id": "0cd0dc30-6f51-11ea-83f8-c0b8832fa043", 
                    "edgeid": "2636fa01-6f52-11ea-a41e-c0b8832fa043", 
                    "graph_id": "4239d541-6eaf-11ea-90f4-c0b8832fa043", 
                    "name": null, 
                    "ontologyproperty": "http://www.cidoc-crm.org/cidoc-crm/P107_has_current_or_former_member", 
                    "rangenode_id": "2636fa00-6f52-11ea-933a-c0b8832fa043"
                }, 
                {
                    "description": null, 
                    "domainnode_id": "9bbfdd80-6f54-11ea-bd04-c0b8832fa043", 
                    "edgeid": "d6445580-6f54-11ea-a494-c0b8832fa043", 
                    "graph_id": "4239d541-6eaf-11ea-90f4-c0b8832fa043", 
                    "name": null, 
                    "ontologyproperty": "http://www.cidoc-crm.org/cidoc-crm/P89_falls_within", 
                    "rangenode_id": "d6442e70-6f54-11ea-b89a-c0b8832fa043"
                }, 
                {
                    "description": null, 
                    "domainnode_id": "4239d540-6eaf-11ea-8b00-c0b8832fa043", 
                    "edgeid": "07bfc811-6eb0-11ea-8af6-c0b8832fa043", 
                    "graph_id": "4239d541-6eaf-11ea-90f4-c0b8832fa043", 
                    "name": null, 
                    "ontologyproperty": "http://www.cidoc-crm.org/cidoc-crm/P48_has_preferred_identifier", 
                    "rangenode_id": "07beb69e-6eb0-11ea-a1ea-c0b8832fa043"
                }, 
                {
                    "description": null, 
                    "domainnode_id": "0cd0dc30-6f51-11ea-83f8-c0b8832fa043", 
                    "edgeid": "26eb9212-6f54-11ea-ac4c-c0b8832fa043", 
                    "graph_id": "4239d541-6eaf-11ea-90f4-c0b8832fa043", 
                    "name": null, 
                    "ontologyproperty": "http://www.cidoc-crm.org/cidoc-crm/P107_has_current_or_former_member", 
                    "rangenode_id": "26eb9211-6f54-11ea-b67c-c0b8832fa043"
                }, 
                {
                    "description": null, 
                    "domainnode_id": "764cfda1-6f52-11ea-a2f6-c0b8832fa043", 
                    "edgeid": "d9a26a12-6f53-11ea-bdfa-c0b8832fa043", 
                    "graph_id": "4239d541-6eaf-11ea-90f4-c0b8832fa043", 
                    "name": null, 
                    "ontologyproperty": "http://www.cidoc-crm.org/cidoc-crm/P1_is_identified_by", 
                    "rangenode_id": "d9a26a11-6f53-11ea-a50e-c0b8832fa043"
                }
            ], 
            "functions_x_graphs": [
                {
                    "config": {
                        "description": {
                            "nodegroup_id": "fb8d1c4f-6f4f-11ea-9f58-c0b8832fa043", 
                            "string_template": "<Sheep Breed>"
                        }, 
                        "map_popup": {
                            "nodegroup_id": "fb8d1c4f-6f4f-11ea-9f58-c0b8832fa043", 
                            "string_template": "<Sheep Breed>"
                        }, 
                        "name": {
                            "nodegroup_id": "36f5eff0-6f47-11ea-a90e-c0b8832fa043", 
                            "string_template": "<Sheep Name>"
                        }, 
                        "triggering_nodegroups": []
                    }, 
                    "function_id": "60000000-0000-0000-0000-000000000001", 
                    "graph_id": "4239d541-6eaf-11ea-90f4-c0b8832fa043", 
                    "id": "c3763d5f-6f59-11ea-b01a-c0b8832fa043"
                }
            ], 
            "graphid": "4239d541-6eaf-11ea-90f4-c0b8832fa043", 
            "iconclass": "fa fa-search", 
            "is_editable": false, 
            "isactive": true, 
            "isresource": true, 
            "jsonldcontext": null, 
            "name": "Accessibility Model", 
            "nodegroups": [
                {
                    "cardinality": "1", 
                    "legacygroupid": null, 
                    "nodegroupid": "07beb69e-6eb0-11ea-a1ea-c0b8832fa043", 
                    "parentnodegroup_id": null
                }, 
                {
                    "cardinality": "1", 
                    "legacygroupid": null, 
                    "nodegroupid": "0cd0dc30-6f51-11ea-83f8-c0b8832fa043", 
                    "parentnodegroup_id": null
                }, 
                {
                    "cardinality": "1", 
                    "legacygroupid": null, 
                    "nodegroupid": "32ae2bc0-6f55-11ea-b258-c0b8832fa043", 
                    "parentnodegroup_id": null
                }, 
                {
                    "cardinality": "1", 
                    "legacygroupid": null, 
                    "nodegroupid": "72938a00-6f50-11ea-b924-c0b8832fa043", 
                    "parentnodegroup_id": null
                }, 
                {
                    "cardinality": "1", 
                    "legacygroupid": null, 
                    "nodegroupid": "764cfda1-6f52-11ea-a2f6-c0b8832fa043", 
                    "parentnodegroup_id": null
                }, 
                {
                    "cardinality": "1", 
                    "legacygroupid": null, 
                    "nodegroupid": "9bbfdd80-6f54-11ea-bd04-c0b8832fa043", 
                    "parentnodegroup_id": null
                }, 
                {
                    "cardinality": "n", 
                    "legacygroupid": null, 
                    "nodegroupid": "36f5eff0-6f47-11ea-a90e-c0b8832fa043", 
                    "parentnodegroup_id": null
                }, 
                {
                    "cardinality": "n", 
                    "legacygroupid": null, 
                    "nodegroupid": "3f0d3e6e-6f54-11ea-94b7-c0b8832fa043", 
                    "parentnodegroup_id": "0cd0dc30-6f51-11ea-83f8-c0b8832fa043"
                }, 
                {
                    "cardinality": "1", 
                    "legacygroupid": null, 
                    "nodegroupid": "59c46d4f-6f55-11ea-a789-c0b8832fa043", 
                    "parentnodegroup_id": null
                }, 
                {
                    "cardinality": "1", 
                    "legacygroupid": null, 
                    "nodegroupid": "fb8d1c4f-6f4f-11ea-9f58-c0b8832fa043", 
                    "parentnodegroup_id": null
                }, 
                {
                    "cardinality": "n", 
                    "legacygroupid": null, 
                    "nodegroupid": "74b0a0cf-6f54-11ea-be33-c0b8832fa043", 
                    "parentnodegroup_id": "0cd0dc30-6f51-11ea-83f8-c0b8832fa043"
                }, 
                {
                    "cardinality": "1", 
                    "legacygroupid": null, 
                    "nodegroupid": "16497e80-6f55-11ea-8329-c0b8832fa043", 
                    "parentnodegroup_id": null
                }, 
                {
                    "cardinality": "1", 
                    "legacygroupid": null, 
                    "nodegroupid": "3cf97dcf-6f4d-11ea-a4c0-c0b8832fa043", 
                    "parentnodegroup_id": null
                }
            ], 
            "nodes": [
                {
                    "config": {
                        "fuzzy_day_padding": 1, 
                        "fuzzy_month_padding": 1, 
                        "fuzzy_season_padding": 12, 
                        "fuzzy_year_padding": 1, 
                        "multiplier_if_approximate": 1, 
                        "multiplier_if_both": 1, 
                        "multiplier_if_uncertain": 1
                    }, 
                    "datatype": "edtf", 
                    "description": null, 
                    "graph_id": "4239d541-6eaf-11ea-90f4-c0b8832fa043", 
                    "is_collector": false, 
                    "isrequired": false, 
                    "issearchable": true, 
                    "istopnode": false, 
                    "name": "Date of Birth", 
                    "nodegroup_id": "764cfda1-6f52-11ea-a2f6-c0b8832fa043", 
                    "nodeid": "7ca135cf-6f53-11ea-8546-c0b8832fa043", 
                    "ontologyclass": "http://www.cidoc-crm.org/cidoc-crm/E41_Appellation", 
                    "parentproperty": "http://www.cidoc-crm.org/cidoc-crm/P1_is_identified_by", 
                    "sortorder": 0
                }, 
                {
                    "config": null, 
                    "datatype": "number", 
                    "description": null, 
                    "graph_id": "4239d541-6eaf-11ea-90f4-c0b8832fa043", 
                    "is_collector": true, 
                    "isrequired": false, 
                    "issearchable": true, 
                    "istopnode": false, 
                    "name": "Flock Member Number", 
                    "nodegroup_id": "07beb69e-6eb0-11ea-a1ea-c0b8832fa043", 
                    "nodeid": "07beb69e-6eb0-11ea-a1ea-c0b8832fa043", 
                    "ontologyclass": "http://www.cidoc-crm.org/cidoc-crm/E42_Identifier", 
                    "parentproperty": "http://www.cidoc-crm.org/cidoc-crm/P48_has_preferred_identifier", 
                    "sortorder": 0
                }, 
                {
                    "config": {
                        "options": [
                            {
                                "id": "c8e2e0fc-3b5b-48a7-9e46-a6edd3a065de", 
                                "selected": false, 
                                "text": "Vowley"
                            }, 
                            {
                                "id": "23d4c333-5118-485f-9039-a5c793b4a745", 
                                "selected": false, 
                                "text": "Great Chaddington"
                            }, 
                            {
                                "id": "aa95eba0-1a60-4497-bc0a-e7ab6c626284", 
                                "selected": false, 
                                "text": "Fairmeadow"
                            }, 
                            {
                                "id": "af6173f5-804e-48ac-92c9-b342c35939e6", 
                                "selected": false, 
                                "text": "Hackpen"
                            }
                        ]
                    }, 
                    "datatype": "domain-value-list", 
                    "description": null, 
                    "graph_id": "4239d541-6eaf-11ea-90f4-c0b8832fa043", 
                    "is_collector": false, 
                    "isrequired": false, 
                    "issearchable": true, 
                    "istopnode": false, 
                    "name": "All Places Lived", 
                    "nodegroup_id": "9bbfdd80-6f54-11ea-bd04-c0b8832fa043", 
                    "nodeid": "b76be91e-6f54-11ea-a7e9-c0b8832fa043", 
                    "ontologyclass": "http://www.cidoc-crm.org/cidoc-crm/E44_Place_Appellation", 
                    "parentproperty": "http://www.cidoc-crm.org/cidoc-crm/P1_is_identified_by", 
                    "sortorder": 0
                }, 
                {
                    "config": null, 
                    "datatype": "semantic", 
                    "description": null, 
                    "graph_id": "4239d541-6eaf-11ea-90f4-c0b8832fa043", 
                    "is_collector": true, 
                    "isrequired": false, 
                    "issearchable": true, 
                    "istopnode": false, 
                    "name": "Birth and Death", 
                    "nodegroup_id": "764cfda1-6f52-11ea-a2f6-c0b8832fa043", 
                    "nodeid": "764cfda1-6f52-11ea-a2f6-c0b8832fa043", 
                    "ontologyclass": "http://www.cidoc-crm.org/cidoc-crm/E52_Time-Span", 
                    "parentproperty": "http://www.cidoc-crm.org/cidoc-crm/P67_refers_to", 
                    "sortorder": 6
                }, 
                {
                    "config": {
                        "fuzzy_day_padding": 1, 
                        "fuzzy_month_padding": 1, 
                        "fuzzy_season_padding": 12, 
                        "fuzzy_year_padding": 1, 
                        "multiplier_if_approximate": 1, 
                        "multiplier_if_both": 1, 
                        "multiplier_if_uncertain": 1
                    }, 
                    "datatype": "edtf", 
                    "description": null, 
                    "graph_id": "4239d541-6eaf-11ea-90f4-c0b8832fa043", 
                    "is_collector": false, 
                    "isrequired": false, 
                    "issearchable": true, 
                    "istopnode": false, 
                    "name": "Date of Death", 
                    "nodegroup_id": "764cfda1-6f52-11ea-a2f6-c0b8832fa043", 
                    "nodeid": "95db08f0-6f53-11ea-9d00-c0b8832fa043", 
                    "ontologyclass": "http://www.cidoc-crm.org/cidoc-crm/E41_Appellation", 
                    "parentproperty": "http://www.cidoc-crm.org/cidoc-crm/P1_is_identified_by", 
                    "sortorder": 1
                }, 
                {
                    "config": null, 
                    "datatype": "semantic", 
                    "description": null, 
                    "graph_id": "4239d541-6eaf-11ea-90f4-c0b8832fa043", 
                    "is_collector": true, 
                    "isrequired": false, 
                    "issearchable": true, 
                    "istopnode": false, 
                    "name": "Family", 
                    "nodegroup_id": "0cd0dc30-6f51-11ea-83f8-c0b8832fa043", 
                    "nodeid": "0cd0dc30-6f51-11ea-83f8-c0b8832fa043", 
                    "ontologyclass": "http://www.cidoc-crm.org/cidoc-crm/E74_Group", 
                    "parentproperty": "http://www.cidoc-crm.org/cidoc-crm/P67_refers_to", 
                    "sortorder": 5
                }, 
                {
                    "config": {
                        "rdmCollection": "3110ba7f-6e14-4e43-8ac9-71a4e70ab524"
                    }, 
                    "datatype": "concept", 
                    "description": null, 
                    "graph_id": "4239d541-6eaf-11ea-90f4-c0b8832fa043", 
                    "is_collector": false, 
                    "isrequired": false, 
                    "issearchable": true, 
                    "istopnode": false, 
                    "name": "Name Type", 
                    "nodegroup_id": "36f5eff0-6f47-11ea-a90e-c0b8832fa043", 
                    "nodeid": "f49d20b0-6f4b-11ea-a91e-c0b8832fa043", 
                    "ontologyclass": "http://www.cidoc-crm.org/cidoc-crm/E55_Type", 
                    "parentproperty": "http://www.cidoc-crm.org/cidoc-crm/P2_has_type", 
                    "sortorder": 0
                }, 
                {
                    "config": {
                        "options": [
                            {
                                "id": "df73cec5-fed5-48b4-afc2-e6842a345ece", 
                                "selected": false, 
                                "text": "Vowley"
                            }
                        ]
                    }, 
                    "datatype": "domain-value", 
                    "description": null, 
                    "graph_id": "4239d541-6eaf-11ea-90f4-c0b8832fa043", 
                    "is_collector": false, 
                    "isrequired": false, 
                    "issearchable": true, 
                    "istopnode": false, 
                    "name": "Place of Birth", 
                    "nodegroup_id": "764cfda1-6f52-11ea-a2f6-c0b8832fa043", 
                    "nodeid": "aa3b1970-6f53-11ea-955c-c0b8832fa043", 
                    "ontologyclass": "http://www.cidoc-crm.org/cidoc-crm/E48_Place_Name", 
                    "parentproperty": "http://www.cidoc-crm.org/cidoc-crm/P1_is_identified_by", 
                    "sortorder": 2
                }, 
                {
                    "config": null, 
                    "datatype": "date", 
                    "description": null, 
                    "graph_id": "4239d541-6eaf-11ea-90f4-c0b8832fa043", 
                    "is_collector": true, 
                    "isrequired": false, 
                    "issearchable": true, 
                    "istopnode": false, 
                    "name": "Date Recorded", 
                    "nodegroup_id": "32ae2bc0-6f55-11ea-b258-c0b8832fa043", 
                    "nodeid": "32ae2bc0-6f55-11ea-b258-c0b8832fa043", 
                    "ontologyclass": "http://www.cidoc-crm.org/cidoc-crm/E50_Date", 
                    "parentproperty": "http://www.ics.forth.gr/isl/CRMdig/L54i_is_same-as", 
                    "sortorder": 10
                }, 
                {
                    "config": null, 
                    "datatype": "semantic", 
                    "description": null, 
                    "graph_id": "4239d541-6eaf-11ea-90f4-c0b8832fa043", 
                    "is_collector": false, 
                    "isrequired": false, 
                    "issearchable": true, 
                    "istopnode": false, 
                    "name": "All Children", 
                    "nodegroup_id": "0cd0dc30-6f51-11ea-83f8-c0b8832fa043", 
                    "nodeid": "35b1eb4f-6f54-11ea-ae38-c0b8832fa043", 
                    "ontologyclass": "http://www.cidoc-crm.org/cidoc-crm/E21_Person", 
                    "parentproperty": "http://www.cidoc-crm.org/cidoc-crm/P107_has_current_or_former_member", 
                    "sortorder": 0
                }, 
                {
                    "config": null, 
                    "datatype": "string", 
                    "description": null, 
                    "graph_id": "4239d541-6eaf-11ea-90f4-c0b8832fa043", 
                    "is_collector": false, 
                    "isrequired": false, 
                    "issearchable": true, 
                    "istopnode": false, 
                    "name": "Additional Information", 
                    "nodegroup_id": "59c46d4f-6f55-11ea-a789-c0b8832fa043", 
                    "nodeid": "69562ce1-6f55-11ea-b26c-c0b8832fa043", 
                    "ontologyclass": "http://www.cidoc-crm.org/cidoc-crm/E62_String", 
                    "parentproperty": "http://www.cidoc-crm.org/cidoc-crm/P3_has_note", 
                    "sortorder": 0
                }, 
                {
                    "config": null, 
                    "datatype": "semantic", 
                    "description": null, 
                    "graph_id": "4239d541-6eaf-11ea-90f4-c0b8832fa043", 
                    "is_collector": true, 
                    "isrequired": false, 
                    "issearchable": true, 
                    "istopnode": false, 
                    "name": "Description", 
                    "nodegroup_id": "59c46d4f-6f55-11ea-a789-c0b8832fa043", 
                    "nodeid": "59c46d4f-6f55-11ea-a789-c0b8832fa043", 
                    "ontologyclass": "http://www.cidoc-crm.org/cidoc-crm/E13_Attribute_Assignment", 
                    "parentproperty": "http://www.cidoc-crm.org/cidoc-crm/P140i_was_attributed_by", 
                    "sortorder": 8
                }, 
                {
                    "config": {
                        "rdmCollection": "01381d18-f033-4c0d-99ed-f84b20cfe59f"
                    }, 
                    "datatype": "concept-list", 
                    "description": null, 
                    "graph_id": "4239d541-6eaf-11ea-90f4-c0b8832fa043", 
                    "is_collector": true, 
                    "isrequired": false, 
                    "issearchable": true, 
                    "istopnode": false, 
                    "name": "Sheep Breed", 
                    "nodegroup_id": "fb8d1c4f-6f4f-11ea-9f58-c0b8832fa043", 
                    "nodeid": "fb8d1c4f-6f4f-11ea-9f58-c0b8832fa043", 
                    "ontologyclass": "http://www.cidoc-crm.org/cidoc-crm/E55_Type", 
                    "parentproperty": "http://www.cidoc-crm.org/cidoc-crm/P2_has_type", 
                    "sortorder": 4
                }, 
                {
                    "config": {
                        "nodeid": "8f49a4e1-6f4b-11ea-b1bb-c0b8832fa043", 
                        "property": "http://www.ics.forth.gr/isl/CRMdig/L54i_is_same-as"
                    }, 
                    "datatype": "node-value", 
                    "description": null, 
                    "graph_id": "4239d541-6eaf-11ea-90f4-c0b8832fa043", 
                    "is_collector": true, 
                    "isrequired": false, 
                    "issearchable": true, 
                    "istopnode": false, 
                    "name": "Sheep Commonly Known As", 
                    "nodegroup_id": "3cf97dcf-6f4d-11ea-a4c0-c0b8832fa043", 
                    "nodeid": "3cf97dcf-6f4d-11ea-a4c0-c0b8832fa043", 
                    "ontologyclass": "http://www.cidoc-crm.org/cidoc-crm/E41_Appellation", 
                    "parentproperty": "http://www.cidoc-crm.org/cidoc-crm/P1_is_identified_by", 
                    "sortorder": 1
                }, 
                {
                    "config": {
                        "graphid": [
                            "4239d541-6eaf-11ea-90f4-c0b8832fa043"
                        ]
                    }, 
                    "datatype": "resource-instance-list", 
                    "description": null, 
                    "graph_id": "4239d541-6eaf-11ea-90f4-c0b8832fa043", 
                    "is_collector": true, 
                    "isrequired": false, 
                    "issearchable": true, 
                    "istopnode": false, 
                    "name": "Siblings", 
                    "nodegroup_id": "74b0a0cf-6f54-11ea-be33-c0b8832fa043", 
                    "nodeid": "74b0a0cf-6f54-11ea-be33-c0b8832fa043", 
                    "ontologyclass": "http://www.cidoc-crm.org/cidoc-crm/E21_Person", 
                    "parentproperty": "http://www.cidoc-crm.org/cidoc-crm/P46i_forms_part_of", 
                    "sortorder": 0
                }, 
                {
                    "config": null, 
                    "datatype": "string", 
                    "description": null, 
                    "graph_id": "4239d541-6eaf-11ea-90f4-c0b8832fa043", 
                    "is_collector": false, 
                    "isrequired": false, 
                    "issearchable": true, 
                    "istopnode": false, 
                    "name": "Name", 
                    "nodegroup_id": "36f5eff0-6f47-11ea-a90e-c0b8832fa043", 
                    "nodeid": "8f49a4e1-6f4b-11ea-b1bb-c0b8832fa043", 
                    "ontologyclass": "http://www.cidoc-crm.org/cidoc-crm/E41_Appellation", 
                    "parentproperty": "http://www.cidoc-crm.org/cidoc-crm/P106_is_composed_of", 
                    "sortorder": 0
                }, 
                {
                    "config": null, 
                    "datatype": "semantic", 
                    "description": null, 
                    "graph_id": "4239d541-6eaf-11ea-90f4-c0b8832fa043", 
                    "is_collector": false, 
                    "isrequired": false, 
                    "issearchable": true, 
                    "istopnode": false, 
                    "name": "All Siblings", 
                    "nodegroup_id": "0cd0dc30-6f51-11ea-83f8-c0b8832fa043", 
                    "nodeid": "26eb9211-6f54-11ea-b67c-c0b8832fa043", 
                    "ontologyclass": "http://www.cidoc-crm.org/cidoc-crm/E21_Person", 
                    "parentproperty": "http://www.cidoc-crm.org/cidoc-crm/P107_has_current_or_former_member", 
                    "sortorder": 0
                }, 
                {
                    "config": {
                        "graphid": [
                            "4239d541-6eaf-11ea-90f4-c0b8832fa043"
                        ]
                    }, 
                    "datatype": "resource-instance-list", 
                    "description": null, 
                    "graph_id": "4239d541-6eaf-11ea-90f4-c0b8832fa043", 
                    "is_collector": true, 
                    "isrequired": false, 
                    "issearchable": true, 
                    "istopnode": false, 
                    "name": "Children", 
                    "nodegroup_id": "3f0d3e6e-6f54-11ea-94b7-c0b8832fa043", 
                    "nodeid": "3f0d3e6e-6f54-11ea-94b7-c0b8832fa043", 
                    "ontologyclass": "http://www.cidoc-crm.org/cidoc-crm/E21_Person", 
                    "parentproperty": "http://www.cidoc-crm.org/cidoc-crm/P46i_forms_part_of", 
                    "sortorder": 0
                }, 
                {
                    "config": null, 
                    "datatype": "semantic", 
                    "description": null, 
                    "graph_id": "4239d541-6eaf-11ea-90f4-c0b8832fa043", 
                    "is_collector": true, 
                    "isrequired": false, 
                    "issearchable": true, 
                    "istopnode": false, 
                    "name": "Sheep Name", 
                    "nodegroup_id": "36f5eff0-6f47-11ea-a90e-c0b8832fa043", 
                    "nodeid": "36f5eff0-6f47-11ea-a90e-c0b8832fa043", 
                    "ontologyclass": "http://www.cidoc-crm.org/cidoc-crm/E41_Appellation", 
                    "parentproperty": "http://www.cidoc-crm.org/cidoc-crm/P1_is_identified_by", 
                    "sortorder": 2
                }, 
                {
                    "config": {
                        "addToMap": false, 
                        "advancedStyle": "", 
                        "advancedStyling": false, 
                        "autoManageCache": false, 
                        "cacheTiles": false, 
                        "clusterDistance": 20, 
                        "clusterMaxZoom": 5, 
                        "clusterMinPoints": 3, 
                        "fillColor": "rgba(130, 130, 130, 0.5)", 
                        "haloRadius": 4, 
                        "haloWeight": 4, 
                        "layerActivated": true, 
                        "layerIcon": "", 
                        "layerName": "", 
                        "lineColor": "rgba(130, 130, 130, 0.7)", 
                        "lineHaloColor": "rgba(200, 200, 200, 0.5)", 
                        "outlineColor": "rgba(200, 200, 200, 0.7)", 
                        "outlineWeight": 2, 
                        "pointColor": "rgba(130, 130, 130, 0.7)", 
                        "pointHaloColor": "rgba(200, 200, 200, 0.5)", 
                        "radius": 2, 
                        "simplification": 0.3, 
                        "weight": 2
                    }, 
                    "datatype": "geojson-feature-collection", 
                    "description": null, 
                    "graph_id": "4239d541-6eaf-11ea-90f4-c0b8832fa043", 
                    "is_collector": false, 
                    "isrequired": false, 
                    "issearchable": true, 
                    "istopnode": false, 
                    "name": "Last Known Location", 
                    "nodegroup_id": "9bbfdd80-6f54-11ea-bd04-c0b8832fa043", 
                    "nodeid": "d6442e70-6f54-11ea-b89a-c0b8832fa043", 
                    "ontologyclass": "http://www.cidoc-crm.org/cidoc-crm/E53_Place", 
                    "parentproperty": "http://www.cidoc-crm.org/cidoc-crm/P89_falls_within", 
                    "sortorder": 1
                }, 
                {
                    "config": null, 
                    "datatype": "file-list", 
                    "description": null, 
                    "graph_id": "4239d541-6eaf-11ea-90f4-c0b8832fa043", 
                    "is_collector": true, 
                    "isrequired": false, 
                    "issearchable": true, 
                    "istopnode": false, 
                    "name": "Photograph", 
                    "nodegroup_id": "16497e80-6f55-11ea-8329-c0b8832fa043", 
                    "nodeid": "16497e80-6f55-11ea-8329-c0b8832fa043", 
                    "ontologyclass": "http://www.ics.forth.gr/isl/CRMdig/D1_Digital_Object", 
                    "parentproperty": "http://www.cidoc-crm.org/cidoc-crm/P129_is_about", 
                    "sortorder": 9
                }, 
                {
                    "config": null, 
                    "datatype": "semantic", 
                    "description": "", 
                    "graph_id": "4239d541-6eaf-11ea-90f4-c0b8832fa043", 
                    "is_collector": false, 
                    "isrequired": false, 
                    "issearchable": true, 
                    "istopnode": true, 
                    "name": "Accessibility Model", 
                    "nodegroup_id": null, 
                    "nodeid": "4239d540-6eaf-11ea-8b00-c0b8832fa043", 
                    "ontologyclass": "http://www.ics.forth.gr/isl/CRMdig/D9_Data_Object", 
                    "parentproperty": "", 
                    "sortorder": 0
                }, 
                {
                    "config": {
                        "graphid": [
                            "4239d541-6eaf-11ea-90f4-c0b8832fa043"
                        ]
                    }, 
                    "datatype": "resource-instance", 
                    "description": null, 
                    "graph_id": "4239d541-6eaf-11ea-90f4-c0b8832fa043", 
                    "is_collector": false, 
                    "isrequired": false, 
                    "issearchable": true, 
                    "istopnode": false, 
                    "name": "Dam", 
                    "nodegroup_id": "0cd0dc30-6f51-11ea-83f8-c0b8832fa043", 
                    "nodeid": "2636fa00-6f52-11ea-933a-c0b8832fa043", 
                    "ontologyclass": "http://www.cidoc-crm.org/cidoc-crm/E21_Person", 
                    "parentproperty": "http://www.cidoc-crm.org/cidoc-crm/P107_has_current_or_former_member", 
                    "sortorder": 0
                }, 
                {
                    "config": {
                        "rdmCollection": "00ae6338-7ed7-4eb9-91b9-fe6d5edf4aa7"
                    }, 
                    "datatype": "concept", 
                    "description": null, 
                    "graph_id": "4239d541-6eaf-11ea-90f4-c0b8832fa043", 
                    "is_collector": true, 
                    "isrequired": false, 
                    "issearchable": true, 
                    "istopnode": false, 
                    "name": "Sheep Gender", 
                    "nodegroup_id": "72938a00-6f50-11ea-b924-c0b8832fa043", 
                    "nodeid": "72938a00-6f50-11ea-b924-c0b8832fa043", 
                    "ontologyclass": "http://www.cidoc-crm.org/cidoc-crm/E55_Type", 
                    "parentproperty": "http://www.cidoc-crm.org/cidoc-crm/P2_has_type", 
                    "sortorder": 3
                }, 
                {
                    "config": null, 
                    "datatype": "semantic", 
                    "description": null, 
                    "graph_id": "4239d541-6eaf-11ea-90f4-c0b8832fa043", 
                    "is_collector": true, 
                    "isrequired": false, 
                    "issearchable": true, 
                    "istopnode": false, 
                    "name": "Places Lived", 
                    "nodegroup_id": "9bbfdd80-6f54-11ea-bd04-c0b8832fa043", 
                    "nodeid": "9bbfdd80-6f54-11ea-bd04-c0b8832fa043", 
                    "ontologyclass": "http://www.cidoc-crm.org/cidoc-crm/E53_Place", 
                    "parentproperty": "http://www.cidoc-crm.org/cidoc-crm/P67_refers_to", 
                    "sortorder": 7
                }, 
                {
                    "config": null, 
                    "datatype": "string", 
                    "description": null, 
                    "graph_id": "4239d541-6eaf-11ea-90f4-c0b8832fa043", 
                    "is_collector": false, 
                    "isrequired": false, 
                    "issearchable": true, 
                    "istopnode": false, 
                    "name": "Sire", 
                    "nodegroup_id": "0cd0dc30-6f51-11ea-83f8-c0b8832fa043", 
                    "nodeid": "40b07911-6f52-11ea-ad1e-c0b8832fa043", 
                    "ontologyclass": "http://www.cidoc-crm.org/cidoc-crm/E21_Person", 
                    "parentproperty": "http://www.cidoc-crm.org/cidoc-crm/P107_has_current_or_former_member", 
                    "sortorder": 1
                }, 
                {
                    "config": {
                        "falseLabel": "No", 
                        "trueLabel": "Yes"
                    }, 
                    "datatype": "boolean", 
                    "description": null, 
                    "graph_id": "4239d541-6eaf-11ea-90f4-c0b8832fa043", 
                    "is_collector": false, 
                    "isrequired": false, 
                    "issearchable": true, 
                    "istopnode": false, 
                    "name": "Born to Flock?", 
                    "nodegroup_id": "764cfda1-6f52-11ea-a2f6-c0b8832fa043", 
                    "nodeid": "d9a26a11-6f53-11ea-a50e-c0b8832fa043", 
                    "ontologyclass": "http://www.cidoc-crm.org/cidoc-crm/E41_Appellation", 
                    "parentproperty": "http://www.cidoc-crm.org/cidoc-crm/P1_is_identified_by", 
                    "sortorder": 0
                }
            ], 
            "ontology_id": "e6e8db47-2ccf-11e6-927e-b8f6b115d7dd", 
            "relatable_resource_model_ids": [], 
            "resource_2_resource_constraints": [], 
            "root": {
                "config": null, 
                "datatype": "semantic", 
                "description": "", 
                "graph_id": "4239d541-6eaf-11ea-90f4-c0b8832fa043", 
                "is_collector": false, 
                "isrequired": false, 
                "issearchable": true, 
                "istopnode": true, 
                "name": "Accessibility Model", 
                "nodegroup_id": null, 
                "nodeid": "4239d540-6eaf-11ea-8b00-c0b8832fa043", 
                "ontologyclass": "http://www.ics.forth.gr/isl/CRMdig/D9_Data_Object", 
                "sortorder": 0
            }, 
            "slug": null, 
            "subtitle": "Testing Accessibility", 
            "template_id": "50000000-0000-0000-0000-000000000001", 
            "version": ""
        }
    ], 
    "metadata": {
        "db": "PostgreSQL 9.6.8, compiled by Visual C++ build 1800, 64-bit", 
        "git hash": "fatal: ambiguous argument '%ai'': unknown revision or path not in the working tree.", 
        "os": "Windows", 
        "os version": "10"
    }
}