<?xml version="1.0" encoding="utf-8"?>
<rdf:RDF
  xmlns:skos="http://www.w3.org/2004/02/skos/core#"
  xmlns:rdf="http://www.w3.org/1999/02/22-rdf-syntax-ns#"
  xmlns:dcterms="http://purl.org/dc/terms/"
>
  <skos:Concept rdf:about="http://localhost:8000/9232cd48-866a-487f-8e5e-e501db8b88c5">
    <skos:inScheme>
      <skos:ConceptScheme rdf:about="http://localhost:8000/582f3d15-0f1d-45e1-8eb1-4243d4aa3ec7">
        <skos:hasTopConcept rdf:resource="http://localhost:8000/adc09457-1f06-4361-898f-13843cf0697a"/>
        <dcterms:title xml:lang="en">{"id": "2ec83e97-70d3-4791-8587-128ea5ff21d3", "value": "Sheep Name Type"}</dcterms:title>
        <skos:hasTopConcept rdf:resource="http://localhost:8000/9232cd48-866a-487f-8e5e-e501db8b88c5"/>
      </skos:ConceptScheme>
    </skos:inScheme>
    <skos:prefLabel xml:lang="en">{"id": "344b901d-c7a5-4a31-a87c-375a339012b5", "value": "Official Name"}</skos:prefLabel>
  </skos:Concept>
  <skos:Concept rdf:about="http://localhost:8000/adc09457-1f06-4361-898f-13843cf0697a">
    <skos:inScheme rdf:resource="http://localhost:8000/582f3d15-0f1d-45e1-8eb1-4243d4aa3ec7"/>
    <skos:prefLabel xml:lang="en">{"id": "a14f130b-6cc6-4521-b684-8ed9dd5b3086", "value": "Nickname"}</skos:prefLabel>
  </skos:Concept>
</rdf:RDF>
