<?xml version="1.0" encoding="utf-8"?>
<rdf:RDF
  xmlns:skos="http://www.w3.org/2004/02/skos/core#"
  xmlns:rdf="http://www.w3.org/1999/02/22-rdf-syntax-ns#"
  xmlns:dcterms="http://purl.org/dc/terms/"
>
  <skos:ConceptScheme rdf:about="http://localhost:8000/1f524fb6-7874-4dbe-bcb1-e5ebd811a074">
    <skos:hasTopConcept>
      <skos:Concept rdf:about="http://localhost:8000/abf33d22-c0ae-4516-90b0-b546a3b02846">
        <skos:inScheme rdf:resource="http://localhost:8000/1f524fb6-7874-4dbe-bcb1-e5ebd811a074"/>
        <skos:prefLabel xml:lang="en">{"id": "852216c0-3cc9-4403-80a7-8e110f96f2a1", "value": "Ewe"}</skos:prefLabel>
      </skos:Concept>
    </skos:hasTopConcept>
    <skos:hasTopConcept>
      <skos:Concept rdf:about="http://localhost:8000/baadfba0-d74b-440c-ada9-f135f8f1d6e4">
        <skos:prefLabel xml:lang="en">{"id": "9e8f3f83-78f4-460a-ace9-f9fcb85c8e9f", "value": "Wether"}</skos:prefLabel>
        <skos:inScheme rdf:resource="http://localhost:8000/1f524fb6-7874-4dbe-bcb1-e5ebd811a074"/>
      </skos:Concept>
    </skos:hasTopConcept>
    <dcterms:title xml:lang="en">{"id": "36f039da-2971-4708-aee0-6f1e7f0b5fad", "value": "Sheep Gender"}</dcterms:title>
    <skos:hasTopConcept>
      <skos:Concept rdf:about="http://localhost:8000/bdca7166-9d3e-45ca-9d21-bde96980710e">
        <skos:inScheme rdf:resource="http://localhost:8000/1f524fb6-7874-4dbe-bcb1-e5ebd811a074"/>
        <skos:prefLabel xml:lang="en">{"id": "5980905b-5824-4871-b162-01519117b397", "value": "Ram"}</skos:prefLabel>
      </skos:Concept>
    </skos:hasTopConcept>
  </skos:ConceptScheme>
</rdf:RDF>
