<?xml version="1.0" encoding="utf-8"?>
<rdf:RDF
  xmlns:rdf="http://www.w3.org/1999/02/22-rdf-syntax-ns#"
  xmlns:skos="http://www.w3.org/2004/02/skos/core#"
>
  <skos:Collection rdf:about="http://warden.historicengland.org.uk/3110ba7f-6e14-4e43-8ac9-71a4e70ab524">
    <skos:scopeNote xml:lang="en">{"id": "9cee1d4f-40ba-41d0-8af9-338b1e8effa2", "value": "Test concept for accessibility testing package"}</skos:scopeNote>
    <skos:member>
      <skos:Concept rdf:about="http://warden.historicengland.org.uk/df433586-9998-4e78-9793-eaca613893d8"/>
    </skos:member>
    <skos:member>
      <skos:Concept rdf:about="http://warden.historicengland.org.uk/40b530ed-3853-48ef-8b3a-d30aed4c778f"/>
    </skos:member>
    <skos:prefLabel xml:lang="en">{"id": "e5d4223e-9738-40ba-b918-313d1388a1e8", "value": "Sheep Name Type"}</skos:prefLabel>
  </skos:Collection>
  <skos:Collection rdf:about="http://warden.historicengland.org.uk/01381d18-f033-4c0d-99ed-f84b20cfe59f">
    <skos:prefLabel xml:lang="en">{"id": "8fec4e3c-73f8-4a8d-96e9-287d23d5fb8f", "value": "Sheep Breed"}</skos:prefLabel>
    <skos:scopeNote xml:lang="en">{"id": "7ad4b1fd-ee51-4367-9828-2482bdc4b936", "value": "Accessibility Testing only - Breed of sheep"}</skos:scopeNote>
    <skos:member>
      <skos:Concept rdf:about="http://warden.historicengland.org.uk/fcc72c79-e8f0-4b9d-a676-f65d1d95072c"/>
    </skos:member>
    <skos:member>
      <skos:Concept rdf:about="http://warden.historicengland.org.uk/cafa8d8d-32dd-48ac-b830-1b173d79fbc4"/>
    </skos:member>
    <skos:member>
      <skos:Concept rdf:about="http://warden.historicengland.org.uk/6ad751f2-7081-4731-a630-aa3885fa3061"/>
    </skos:member>
    <skos:member>
      <skos:Concept rdf:about="http://warden.historicengland.org.uk/d0025e65-d881-4528-8e94-be4e47c5f10e"/>
    </skos:member>
    <skos:member>
      <skos:Concept rdf:about="http://warden.historicengland.org.uk/64d055b1-4f37-40cc-9d0c-b400a17be7a0"/>
    </skos:member>
    <skos:member>
      <skos:Concept rdf:about="http://warden.historicengland.org.uk/c8d4d4d9-c34e-4571-8979-3731104721e2"/>
    </skos:member>
  </skos:Collection>
  <skos:Collection rdf:about="http://warden.historicengland.org.uk/00ae6338-7ed7-4eb9-91b9-fe6d5edf4aa7">
    <skos:member>
      <skos:Concept rdf:about="http://warden.historicengland.org.uk/6b42366e-7d36-4cf0-870b-384fcc78198e"/>
    </skos:member>
    <skos:prefLabel xml:lang="en">{"id": "8c1d813a-0454-4367-9892-052a6456deb7", "value": "Sheep Gender"}</skos:prefLabel>
    <skos:scopeNote xml:lang="en">{"id": "bc624016-c683-4c53-b6c0-b2805cafe6da", "value": "For Accessibility Testing only - Sheep Gender"}</skos:scopeNote>
    <skos:member>
      <skos:Concept rdf:about="http://warden.historicengland.org.uk/d34fef0b-15e4-41cb-808f-7b8077b21422"/>
    </skos:member>
    <skos:member>
      <skos:Concept rdf:about="http://warden.historicengland.org.uk/04aed750-596f-4c9e-b351-aaa1cdec2115"/>
    </skos:member>
  </skos:Collection>
</rdf:RDF>
