<?xml version="1.0" encoding="utf-8"?>
<rdf:RDF
  xmlns:rdf="http://www.w3.org/1999/02/22-rdf-syntax-ns#"
  xmlns:skos="http://www.w3.org/2004/02/skos/core#"
  xmlns:dcterms="http://purl.org/dc/terms/"
>
  <skos:Concept rdf:about="http://warden.historicengland.org.uk/d0025e65-d881-4528-8e94-be4e47c5f10e">
    <skos:inScheme>
      <skos:ConceptScheme rdf:about="http://warden.historicengland.org.uk/1ced40c9-5701-49f1-8f6d-4f48fc091642">
        <skos:hasTopConcept rdf:resource="http://warden.historicengland.org.uk/64d055b1-4f37-40cc-9d0c-b400a17be7a0"/>
        <skos:hasTopConcept rdf:resource="http://warden.historicengland.org.uk/fcc72c79-e8f0-4b9d-a676-f65d1d95072c"/>
        <dcterms:description xml:lang="en">{"id": "15b1a85b-c610-4558-a45c-291b77aacc0d", "value": "Accessibility Testing only - Breed of sheep"}</dcterms:description>
        <dcterms:title xml:lang="en">{"id": "6f70b494-a1fd-417e-9ec3-82b64b8966a0", "value": "Sheep Breed"}</dcterms:title>
        <skos:hasTopConcept rdf:resource="http://warden.historicengland.org.uk/c8d4d4d9-c34e-4571-8979-3731104721e2"/>
        <skos:hasTopConcept rdf:resource="http://warden.historicengland.org.uk/6ad751f2-7081-4731-a630-aa3885fa3061"/>
        <skos:hasTopConcept rdf:resource="http://warden.historicengland.org.uk/cafa8d8d-32dd-48ac-b830-1b173d79fbc4"/>
        <skos:hasTopConcept rdf:resource="http://warden.historicengland.org.uk/d0025e65-d881-4528-8e94-be4e47c5f10e"/>
      </skos:ConceptScheme>
    </skos:inScheme>
    <skos:prefLabel xml:lang="en">{"id": "55e6b436-e13c-4aea-80ea-e769f6a82503", "value": "British Mule"}</skos:prefLabel>
    <skos:scopeNote xml:lang="en">{"id": "a81d03e0-c4dd-457a-9e7a-c3440c8ab00e", "value": "Accessibility Testing only - a mixture breed, usually containing Blue Faced Leicester and a downland breed."}</skos:scopeNote>
  </skos:Concept>
  <skos:Concept rdf:about="http://warden.historicengland.org.uk/64d055b1-4f37-40cc-9d0c-b400a17be7a0">
    <skos:prefLabel xml:lang="en-us">{"id": "8ee54d91-fdbd-4e46-b840-713fa3ecbcd6", "value": "Lleyn"}</skos:prefLabel>
    <skos:inScheme rdf:resource="http://warden.historicengland.org.uk/1ced40c9-5701-49f1-8f6d-4f48fc091642"/>
    <skos:scopeNote xml:lang="en-us">{"id": "323ef777-0866-492e-aaa5-8491b441f7c8", "value": "Accessibility Testing only - Lleyn sheep breed (from Lleyn peninsula, Wales)"}</skos:scopeNote>
  </skos:Concept>
  <skos:Concept rdf:about="http://warden.historicengland.org.uk/6ad751f2-7081-4731-a630-aa3885fa3061">
    <skos:prefLabel xml:lang="en">{"id": "f61583a2-416d-4ca3-aee7-406f31df8916", "value": "Shetland"}</skos:prefLabel>
    <skos:scopeNote xml:lang="en">{"id": "25b63ca7-09c5-4451-9d3d-ae8f6098b30b", "value": "Accessibility Testing only - Shetland breed (from Shetland Isles)"}</skos:scopeNote>
    <skos:inScheme rdf:resource="http://warden.historicengland.org.uk/1ced40c9-5701-49f1-8f6d-4f48fc091642"/>
  </skos:Concept>
  <skos:Concept rdf:about="http://warden.historicengland.org.uk/fcc72c79-e8f0-4b9d-a676-f65d1d95072c">
    <skos:inScheme rdf:resource="http://warden.historicengland.org.uk/1ced40c9-5701-49f1-8f6d-4f48fc091642"/>
    <skos:scopeNote xml:lang="en">{"id": "9aa7efd4-0e1b-4ced-b28f-52b731293f6e", "value": "Accessibility Testing only - Lincoln Longwool breed (Lincolnshire)"}</skos:scopeNote>
    <skos:prefLabel xml:lang="en">{"id": "8b4b28cb-abc7-4f4d-8da0-0e38719828aa", "value": "Lincoln"}</skos:prefLabel>
  </skos:Concept>
  <skos:Concept rdf:about="http://warden.historicengland.org.uk/c8d4d4d9-c34e-4571-8979-3731104721e2">
    <skos:inScheme rdf:resource="http://warden.historicengland.org.uk/1ced40c9-5701-49f1-8f6d-4f48fc091642"/>
    <skos:scopeNote xml:lang="en">{"id": "df2b75a3-374e-4383-a6c0-0b2fa807f3b0", "value": "Accessibility Testing only -  Cotswold sheep breed (from Cotswold Hills)"}</skos:scopeNote>
    <skos:prefLabel xml:lang="en">{"id": "2e05360b-9eea-49a6-9dbd-e05176e6aa51", "value": "Cotswold"}</skos:prefLabel>
  </skos:Concept>
  <skos:Concept rdf:about="http://warden.historicengland.org.uk/cafa8d8d-32dd-48ac-b830-1b173d79fbc4">
    <skos:inScheme rdf:resource="http://warden.historicengland.org.uk/1ced40c9-5701-49f1-8f6d-4f48fc091642"/>
    <skos:prefLabel xml:lang="en">{"id": "bbbd56e1-a6a2-4868-b1e3-1255bac7ac40", "value": "Suffolk"}</skos:prefLabel>
    <skos:scopeNote xml:lang="en">{"id": "f02e0699-89bd-4228-97d3-ea01b120bc6f", "value": "Accessibility Testing only - Suffolk breed (Suffolk)"}</skos:scopeNote>
  </skos:Concept>
</rdf:RDF>
