<?xml version="1.0" encoding="utf-8"?>
<rdf:RDF
  xmlns:rdf="http://www.w3.org/1999/02/22-rdf-syntax-ns#"
  xmlns:skos="http://www.w3.org/2004/02/skos/core#"
  xmlns:dcterms="http://purl.org/dc/terms/"
>
  <skos:Concept rdf:about="http://warden.historicengland.org.uk/04aed750-596f-4c9e-b351-aaa1cdec2115">
    <skos:inScheme>
      <skos:ConceptScheme rdf:about="http://warden.historicengland.org.uk/a5f2aaaf-2a35-47ae-9fc0-8f59d4a0c049">
        <skos:hasTopConcept rdf:resource="http://warden.historicengland.org.uk/6b42366e-7d36-4cf0-870b-384fcc78198e"/>
        <dcterms:title xml:lang="en">{"id": "02590c31-b590-4fe2-b06f-5440ea02b569", "value": "Sheep Gender"}</dcterms:title>
        <skos:hasTopConcept rdf:resource="http://warden.historicengland.org.uk/04aed750-596f-4c9e-b351-aaa1cdec2115"/>
        <dcterms:description xml:lang="en">{"id": "45a5599a-016f-431c-b721-6af6522d7e02", "value": "For Accessibility Testing only - Sheep Gender"}</dcterms:description>
        <skos:hasTopConcept rdf:resource="http://warden.historicengland.org.uk/d34fef0b-15e4-41cb-808f-7b8077b21422"/>
      </skos:ConceptScheme>
    </skos:inScheme>
    <skos:scopeNote xml:lang="en">{"id": "b2bbe032-92b9-4a28-8756-f215aea8fc03", "value": "For Accessibility Testing only - a castrated male sheep"}</skos:scopeNote>
    <skos:prefLabel xml:lang="en">{"id": "8200911c-7455-4d39-89f3-6cbbee52745f", "value": "Wether"}</skos:prefLabel>
  </skos:Concept>
  <skos:Concept rdf:about="http://warden.historicengland.org.uk/d34fef0b-15e4-41cb-808f-7b8077b21422">
    <skos:prefLabel xml:lang="en">{"id": "f1da29cf-5711-456f-bead-47c6e2d87660", "value": "Ram"}</skos:prefLabel>
    <skos:scopeNote xml:lang="en">{"id": "01171fae-e048-4e1b-aa43-41a353dbae55", "value": "For Accessibility Testing only - an entire male sheep"}</skos:scopeNote>
    <skos:inScheme rdf:resource="http://warden.historicengland.org.uk/a5f2aaaf-2a35-47ae-9fc0-8f59d4a0c049"/>
  </skos:Concept>
  <skos:Concept rdf:about="http://warden.historicengland.org.uk/6b42366e-7d36-4cf0-870b-384fcc78198e">
    <skos:scopeNote xml:lang="en">{"id": "d0a68b81-2da8-4a69-8d82-d5fbd1853236", "value": "For Accessibility Testing only - A female sheep"}</skos:scopeNote>
    <skos:inScheme rdf:resource="http://warden.historicengland.org.uk/a5f2aaaf-2a35-47ae-9fc0-8f59d4a0c049"/>
    <skos:prefLabel xml:lang="en">{"id": "3e317e27-d46d-4ad6-a0c9-8ba210ba6e23", "value": "Ewe"}</skos:prefLabel>
  </skos:Concept>
</rdf:RDF>
