<?xml version="1.0" encoding="utf-8"?>
<rdf:RDF
  xmlns:rdf="http://www.w3.org/1999/02/22-rdf-syntax-ns#"
  xmlns:skos="http://www.w3.org/2004/02/skos/core#"
  xmlns:dcterms="http://purl.org/dc/terms/"
>
  <skos:ConceptScheme rdf:about="http://warden.historicengland.org.uk/d97088dc-9560-425f-bd2f-2d62fadb1e01">
    <dcterms:title xml:lang="en">{"id": "a8eaa338-117f-46a9-87e0-6e14a6220bfb", "value": "Sheep Name Type"}</dcterms:title>
    <dcterms:description xml:lang="en">{"id": "15af6256-5fd3-4280-912e-77ab866f9754", "value": "Test concept for accessibility testing package"}</dcterms:description>
    <skos:hasTopConcept>
      <skos:Concept rdf:about="http://warden.historicengland.org.uk/df433586-9998-4e78-9793-eaca613893d8">
        <skos:inScheme rdf:resource="http://warden.historicengland.org.uk/d97088dc-9560-425f-bd2f-2d62fadb1e01"/>
        <skos:scopeNote xml:lang="en">{"id": "fd2ed8c8-860c-4e13-acb9-2015d58ede65", "value": "Accessibility Testing only - official name of the sheep"}</skos:scopeNote>
        <skos:prefLabel xml:lang="en">{"id": "942eae02-1c12-43e0-893d-33beb0aac624", "value": "Official Name"}</skos:prefLabel>
      </skos:Concept>
    </skos:hasTopConcept>
    <skos:hasTopConcept>
      <skos:Concept rdf:about="http://warden.historicengland.org.uk/40b530ed-3853-48ef-8b3a-d30aed4c778f">
        <skos:inScheme rdf:resource="http://warden.historicengland.org.uk/d97088dc-9560-425f-bd2f-2d62fadb1e01"/>
        <skos:prefLabel xml:lang="en">{"id": "426ab861-6f57-4a6d-8f9c-073e75917a09", "value": "Nickname"}</skos:prefLabel>
        <skos:scopeNote xml:lang="en">{"id": "1f4014d2-b540-49e4-87db-ac965e5fd728", "value": "Accessibility Testing only - Other name by which the sheep is known"}</skos:scopeNote>
      </skos:Concept>
    </skos:hasTopConcept>
  </skos:ConceptScheme>
</rdf:RDF>
