<?xml version="1.0" encoding="utf-8"?>
<rdf:RDF
  xmlns:skos="http://www.w3.org/2004/02/skos/core#"
  xmlns:rdf="http://www.w3.org/1999/02/22-rdf-syntax-ns#"
>
  <skos:Collection rdf:about="http://sheepproject:80009009eb6b-23b2-4107-a738-49522d2f33fc">
    <skos:scopeNote xml:lang="en">{"id": "27f9f348-7cf2-4e9e-bbd4-a972133096b9", "value": "Breeds of sheep"}</skos:scopeNote>
    <skos:member>
      <skos:Concept rdf:about="http://sheepproject:8000b12efb5e-1794-4936-a85d-f3249a140720"/>
    </skos:member>
    <skos:prefLabel xml:lang="en">{"id": "78a3ff6d-ad33-476a-835d-eafeb0e70a98", "value": "Sheep Breed"}</skos:prefLabel>
    <skos:member>
      <skos:Concept rdf:about="http://sheepproject:80006380b3b0-b236-42b5-81f2-2f99f320c25b"/>
    </skos:member>
    <skos:member>
      <skos:Concept rdf:about="http://sheepproject:800059ee8a47-3a38-4b1a-9eb2-ede68f4a2e45"/>
    </skos:member>
    <skos:member>
      <skos:Concept rdf:about="http://sheepproject:8000a77feb21-2506-469c-8d15-0ec9a30452d8"/>
    </skos:member>
    <skos:member>
      <skos:Concept rdf:about="http://sheepproject:800073d3b9f2-79a9-41d5-b983-08b8303052e4"/>
    </skos:member>
    <skos:member>
      <skos:Concept rdf:about="http://sheepproject:80000978d080-0eda-45b5-b04a-b0e23e168ad1"/>
    </skos:member>
  </skos:Collection>
  <skos:Collection rdf:about="http://sheepproject:8000e1eb26e0-5adc-4c09-ba7a-c6eb6a8ad864">
    <skos:member>
      <skos:Concept rdf:about="http://sheepproject:80009232cd48-866a-487f-8e5e-e501db8b88c5"/>
    </skos:member>
    <skos:prefLabel xml:lang="en">{"id": "016ad652-e7fa-4a7c-a98c-715b38e7230d", "value": "Sheep Name Type"}</skos:prefLabel>
    <skos:member>
      <skos:Concept rdf:about="http://sheepproject:8000adc09457-1f06-4361-898f-13843cf0697a"/>
    </skos:member>
  </skos:Collection>
  <skos:Collection rdf:about="http://sheepproject:80004bc66ef6-5f02-40ac-894c-432e7238f413">
    <skos:member>
      <skos:Concept rdf:about="http://sheepproject:8000bdca7166-9d3e-45ca-9d21-bde96980710e"/>
    </skos:member>
    <skos:member>
      <skos:Concept rdf:about="http://sheepproject:8000baadfba0-d74b-440c-ada9-f135f8f1d6e4"/>
    </skos:member>
    <skos:prefLabel xml:lang="en">{"id": "21d737d0-6bbd-45d5-9c6d-d18f798bcc85", "value": "Sheep Gender"}</skos:prefLabel>
    <skos:member>
      <skos:Concept rdf:about="http://sheepproject:8000abf33d22-c0ae-4516-90b0-b546a3b02846"/>
    </skos:member>
  </skos:Collection>
  <skos:Collection rdf:about="http://sheepproject:800000000000-0000-0000-0000-000000000005">
    <skos:prefLabel xml:lang="en-us">{"id": "d8c622f6-e786-11e6-905a-475a5eee86f5", "value": "Resource To Resource Relationship Types"}</skos:prefLabel>
    <skos:member>
      <skos:Concept rdf:about="http://sheepproject:800000000000-0000-0000-0000-000000000007"/>
    </skos:member>
  </skos:Collection>
</rdf:RDF>
