{"business_data": {"resources": [{"tiles": [{"data": {"16497e80-6f55-11ea-8329-c0b8832fa043": [{"status": "uploaded", "index": 0, "name": "20171108_131250.jpg", "url": "/files/uploadedfiles/20171108_131250.jpg", "lastModified": 1585300386164, "height": 382, "content": "blob:http://localhost:8000/75e5727b-6855-477c-8082-bc288a82b24d", "width": 349, "file_id": "0c7dc930-700c-11ea-9fc5-c0b8832fa043", "accepted": true, "type": "image/jpeg", "size": 87627}]}, "provisionaledits": null, "parenttile_id": null, "nodegroup_id": "16497e80-6f55-11ea-8329-c0b8832fa043", "sortorder": 0, "resourceinstance_id": "d3a31661-6f57-11ea-8930-c0b8832fa043", "tileid": "ccb6782f-fcc9-4f3d-8c3f-a34a3f3c7e4c"}, {"data": {"32ae2bc0-6f55-11ea-b258-c0b8832fa043": "2020-03-26"}, "provisionaledits": null, "parenttile_id": null, "nodegroup_id": "32ae2bc0-6f55-11ea-b258-c0b8832fa043", "sortorder": 0, "resourceinstance_id": "d3a31661-6f57-11ea-8930-c0b8832fa043", "tileid": "50502e85-55fd-49fe-bd83-955941a152f2"}, {"data": {"69562ce1-6f55-11ea-b26c-c0b8832fa043": "<p><strong>Arwen&nbsp;</strong>was one of the original flock members.</p>\n"}, "provisionaledits": null, "parenttile_id": null, "nodegroup_id": "59c46d4f-6f55-11ea-a789-c0b8832fa043", "sortorder": 0, "resourceinstance_id": "d3a31661-6f57-11ea-8930-c0b8832fa043", "tileid": "c36535d9-6521-4f2e-942c-bc4b24f206ce"}, {"data": {"d6442e70-6f54-11ea-b89a-c0b8832fa043": {"type": "FeatureCollection", "features": [{"geometry": {"type": "Point", "coordinates": [-1.864873175608352, 51.52712830874523]}, "type": "Feature", "id": "a2d0484d29eb0c565c97c6f826fb6025", "properties": {}}, {"geometry": {"type": "Polygon", "coordinates": [[[-1.8649081501282012, 51.527093691371675], [-1.8653342569917868, 51.52746031760324], [-1.8611638494553802, 51.52898883515081], [-1.8608828002437008, 51.52867298333172], [-1.8626053598821954, 51.52786642321203], [-1.8649081501282012, 51.527093691371675]]]}, "type": "Feature", "id": "cd09fb428245c2403cb10fb30e7bd9f6", "properties": {}}]}, "b76be91e-6f54-11ea-a7e9-c0b8832fa043": ["c8e2e0fc-3b5b-48a7-9e46-a6edd3a065de", "23d4c333-5118-485f-9039-a5c793b4a745"]}, "provisionaledits": null, "parenttile_id": null, "nodegroup_id": "9bbfdd80-6f54-11ea-bd04-c0b8832fa043", "sortorder": 0, "resourceinstance_id": "d3a31661-6f57-11ea-8930-c0b8832fa043", "tileid": "6ac7d651-5b90-4ac9-8182-63dda49f7d6e"}, {"data": {"d6442e70-6f54-11ea-b89a-c0b8832fa043": null, "b76be91e-6f54-11ea-a7e9-c0b8832fa043": ["c8e2e0fc-3b5b-48a7-9e46-a6edd3a065de", "23d4c333-5118-485f-9039-a5c793b4a745"]}, "provisionaledits": null, "parenttile_id": null, "nodegroup_id": "9bbfdd80-6f54-11ea-bd04-c0b8832fa043", "sortorder": 0, "resourceinstance_id": "d3a31661-6f57-11ea-8930-c0b8832fa043", "tileid": "155689fb-1768-4b5f-83d4-d966d682dd98"}, {"data": {"d6442e70-6f54-11ea-b89a-c0b8832fa043": {"type": "FeatureCollection", "features": [{"geometry": {"type": "Polygon", "coordinates": [[[-1.8651025374955168, 51.527070297211964], [-1.8655325925489308, 51.52753499827344], [-1.8612094075264736, 51.52909804884706], [-1.8608698903781828, 51.52866152660732], [-1.8627938208903743, 51.52780255127672], [-1.8651025374955168, 51.527070297211964]]]}, "type": "Feature", "id": "5f39f1a1c23adbe1e55bda298ed3f368", "properties": {}}, {"geometry": {"type": "Point", "coordinates": [-1.8651025374955168, 51.52730968925883]}, "type": "Feature", "id": "39ef9409313b821ebd57f56508ba0b9c", "properties": {}}]}, "b76be91e-6f54-11ea-a7e9-c0b8832fa043": ["c8e2e0fc-3b5b-48a7-9e46-a6edd3a065de", "23d4c333-5118-485f-9039-a5c793b4a745"]}, "provisionaledits": null, "parenttile_id": null, "nodegroup_id": "9bbfdd80-6f54-11ea-bd04-c0b8832fa043", "sortorder": 0, "resourceinstance_id": "d3a31661-6f57-11ea-8930-c0b8832fa043", "tileid": "a9f638c8-b48e-4a6a-92ad-a6c39a7bf29f"}, {"data": {"d9a26a11-6f53-11ea-a50e-c0b8832fa043": false, "95db08f0-6f53-11ea-9d00-c0b8832fa043": "2019", "aa3b1970-6f53-11ea-955c-c0b8832fa043": null, "7ca135cf-6f53-11ea-8546-c0b8832fa043": null}, "provisionaledits": null, "parenttile_id": null, "nodegroup_id": "764cfda1-6f52-11ea-a2f6-c0b8832fa043", "sortorder": 0, "resourceinstance_id": "d3a31661-6f57-11ea-8930-c0b8832fa043", "tileid": "c84d2c83-ca21-4035-9f0a-45e0e166d280"}, {"data": {"2636fa00-6f52-11ea-933a-c0b8832fa043": "d3a31661-6f57-11ea-8930-c0b8832fa043", "40b07911-6f52-11ea-ad1e-c0b8832fa043": null}, "provisionaledits": null, "parenttile_id": null, "nodegroup_id": "0cd0dc30-6f51-11ea-83f8-c0b8832fa043", "sortorder": 0, "resourceinstance_id": "d3a31661-6f57-11ea-8930-c0b8832fa043", "tileid": "ee314e07-fd56-436d-b868-315ad524994c"}, {"data": {"2636fa00-6f52-11ea-933a-c0b8832fa043": null, "40b07911-6f52-11ea-ad1e-c0b8832fa043": "FFynn"}, "provisionaledits": null, "parenttile_id": null, "nodegroup_id": "0cd0dc30-6f51-11ea-83f8-c0b8832fa043", "sortorder": 0, "resourceinstance_id": "d3a31661-6f57-11ea-8930-c0b8832fa043", "tileid": "5cb28392-4a72-44d2-90a5-cc5e7a565da7"}, {"data": {"72938a00-6f50-11ea-b924-c0b8832fa043": "3e317e27-d46d-4ad6-a0c9-8ba210ba6e23"}, "provisionaledits": null, "parenttile_id": null, "nodegroup_id": "72938a00-6f50-11ea-b924-c0b8832fa043", "sortorder": 0, "resourceinstance_id": "d3a31661-6f57-11ea-8930-c0b8832fa043", "tileid": "ad484214-52ad-432d-bb6d-f114893f0b5c"}, {"data": {"fb8d1c4f-6f4f-11ea-9f58-c0b8832fa043": ["2e05360b-9eea-49a6-9dbd-e05176e6aa51"]}, "provisionaledits": null, "parenttile_id": null, "nodegroup_id": "fb8d1c4f-6f4f-11ea-9f58-c0b8832fa043", "sortorder": 0, "resourceinstance_id": "d3a31661-6f57-11ea-8930-c0b8832fa043", "tileid": "3610a4d4-e621-4119-9291-d015c9cf5110"}, {"data": {"3cf97dcf-6f4d-11ea-a4c0-c0b8832fa043": "184cb908-953b-4c8d-b822-47c43177a1fb"}, "provisionaledits": null, "parenttile_id": null, "nodegroup_id": "3cf97dcf-6f4d-11ea-a4c0-c0b8832fa043", "sortorder": 0, "resourceinstance_id": "d3a31661-6f57-11ea-8930-c0b8832fa043", "tileid": "5ca29eb9-7820-4151-ba2e-52c934d22902"}, {"data": {"8f49a4e1-6f4b-11ea-b1bb-c0b8832fa043": "Wenna", "f49d20b0-6f4b-11ea-a91e-c0b8832fa043": "426ab861-6f57-4a6d-8f9c-073e75917a09"}, "provisionaledits": null, "parenttile_id": null, "nodegroup_id": "36f5eff0-6f47-11ea-a90e-c0b8832fa043", "sortorder": 1, "resourceinstance_id": "d3a31661-6f57-11ea-8930-c0b8832fa043", "tileid": "9fa318a5-f6f6-474c-ab76-07683232b95a"}, {"data": {"8f49a4e1-6f4b-11ea-b1bb-c0b8832fa043": "Arwen", "f49d20b0-6f4b-11ea-a91e-c0b8832fa043": "942eae02-1c12-43e0-893d-33beb0aac624"}, "provisionaledits": null, "parenttile_id": null, "nodegroup_id": "36f5eff0-6f47-11ea-a90e-c0b8832fa043", "sortorder": 0, "resourceinstance_id": "d3a31661-6f57-11ea-8930-c0b8832fa043", "tileid": "184cb908-953b-4c8d-b822-47c43177a1fb"}, {"data": {"07beb69e-6eb0-11ea-a1ea-c0b8832fa043": 328720008.0}, "provisionaledits": null, "parenttile_id": null, "nodegroup_id": "07beb69e-6eb0-11ea-a1ea-c0b8832fa043", "sortorder": 0, "resourceinstance_id": "d3a31661-6f57-11ea-8930-c0b8832fa043", "tileid": "3931360b-728c-4991-b82c-8043cd7b8ec0"}], "resourceinstance": {"graph_id": "4239d541-6eaf-11ea-90f4-c0b8832fa043", "resourceinstanceid": "d3a31661-6f57-11ea-8930-c0b8832fa043", "legacyid": null}}, {"tiles": [{"data": {"16497e80-6f55-11ea-8329-c0b8832fa043": [{"status": "uploaded", "index": 0, "name": "20191204_132901.jpg", "url": "/files/uploadedfiles/20191204_132901.jpg", "lastModified": 1585300574292, "height": 349, "content": "blob:http://localhost:8000/35300b9c-f381-4829-bf1c-c7f76b073251", "width": 400, "file_id": "2b54d600-700c-11ea-927c-c0b8832fa043", "accepted": true, "type": "image/jpeg", "size": 76735}]}, "provisionaledits": null, "parenttile_id": null, "nodegroup_id": "16497e80-6f55-11ea-8329-c0b8832fa043", "sortorder": 0, "resourceinstance_id": "633325c0-6f73-11ea-94eb-c0b8832fa043", "tileid": "6140030e-8d8f-4bc3-9038-cd2e6d09a744"}, {"data": {"32ae2bc0-6f55-11ea-b258-c0b8832fa043": "2020-03-26"}, "provisionaledits": null, "parenttile_id": null, "nodegroup_id": "32ae2bc0-6f55-11ea-b258-c0b8832fa043", "sortorder": 0, "resourceinstance_id": "633325c0-6f73-11ea-94eb-c0b8832fa043", "tileid": "65ca535b-5208-41d6-b402-ed8e21421abe"}, {"data": {"69562ce1-6f55-11ea-b26c-c0b8832fa043": "<p>Caleb is a very steady wether.&nbsp; He really hates the rain.</p>\n"}, "provisionaledits": null, "parenttile_id": null, "nodegroup_id": "59c46d4f-6f55-11ea-a789-c0b8832fa043", "sortorder": 0, "resourceinstance_id": "633325c0-6f73-11ea-94eb-c0b8832fa043", "tileid": "0097f2d2-b564-42e5-b5c5-b54e668903f9"}, {"data": {"d6442e70-6f54-11ea-b89a-c0b8832fa043": {"type": "FeatureCollection", "features": [{"geometry": {"type": "Polygon", "coordinates": [[[-1.8304612105053195, 51.472404415143785], [-1.8244285372372815, 51.47063871429944], [-1.8272631668407087, 51.467695727696025], [-1.8338773025990065, 51.46823906258973], [-1.8304612105053195, 51.472404415143785]]]}, "type": "Feature", "id": "4115e217714e3bcee02d0e1cf2ae7c08", "properties": {}}, {"geometry": {"type": "Point", "coordinates": [-1.8298797480150597, 51.468691836722826]}, "type": "Feature", "id": "e285f002109a2404c64fd048aecfcfbb", "properties": {}}, {"geometry": {"type": "LineString", "coordinates": [[-1.8308246245537987, 51.469552095197685], [-1.8302431620762434, 51.47054816369709], [-1.8273358496504386, 51.46995958039312], [-1.8259548762535474, 51.470004856304826]]}, "type": "Feature", "id": "75c31f1742bd409658c35a89bb5d2c09", "properties": {}}]}, "b76be91e-6f54-11ea-a7e9-c0b8832fa043": ["c8e2e0fc-3b5b-48a7-9e46-a6edd3a065de", "23d4c333-5118-485f-9039-a5c793b4a745", "aa95eba0-1a60-4497-bc0a-e7ab6c626284", "af6173f5-804e-48ac-92c9-b342c35939e6"]}, "provisionaledits": null, "parenttile_id": null, "nodegroup_id": "9bbfdd80-6f54-11ea-bd04-c0b8832fa043", "sortorder": 0, "resourceinstance_id": "633325c0-6f73-11ea-94eb-c0b8832fa043", "tileid": "0d5d9d41-a599-4831-9eb3-f4cb09a23c1d"}, {"data": {"d9a26a11-6f53-11ea-a50e-c0b8832fa043": true, "95db08f0-6f53-11ea-9d00-c0b8832fa043": null, "aa3b1970-6f53-11ea-955c-c0b8832fa043": "df73cec5-fed5-48b4-afc2-e6842a345ece", "7ca135cf-6f53-11ea-8546-c0b8832fa043": "2009"}, "provisionaledits": null, "parenttile_id": null, "nodegroup_id": "764cfda1-6f52-11ea-a2f6-c0b8832fa043", "sortorder": 0, "resourceinstance_id": "633325c0-6f73-11ea-94eb-c0b8832fa043", "tileid": "d237ff91-38e0-49ac-bb2a-e0ee8cb303b5"}, {"data": {"2636fa00-6f52-11ea-933a-c0b8832fa043": "d3a31661-6f57-11ea-8930-c0b8832fa043", "40b07911-6f52-11ea-ad1e-c0b8832fa043": "Bob"}, "provisionaledits": null, "parenttile_id": null, "nodegroup_id": "0cd0dc30-6f51-11ea-83f8-c0b8832fa043", "sortorder": 0, "resourceinstance_id": "633325c0-6f73-11ea-94eb-c0b8832fa043", "tileid": "2b472868-ad23-42d4-a187-2cf4c2975837"}, {"data": {"72938a00-6f50-11ea-b924-c0b8832fa043": "8200911c-7455-4d39-89f3-6cbbee52745f"}, "provisionaledits": null, "parenttile_id": null, "nodegroup_id": "72938a00-6f50-11ea-b924-c0b8832fa043", "sortorder": 0, "resourceinstance_id": "633325c0-6f73-11ea-94eb-c0b8832fa043", "tileid": "51c7ed41-2bbf-4ea4-9655-a0f65ea23273"}, {"data": {"fb8d1c4f-6f4f-11ea-9f58-c0b8832fa043": ["2e05360b-9eea-49a6-9dbd-e05176e6aa51"]}, "provisionaledits": null, "parenttile_id": null, "nodegroup_id": "fb8d1c4f-6f4f-11ea-9f58-c0b8832fa043", "sortorder": 0, "resourceinstance_id": "633325c0-6f73-11ea-94eb-c0b8832fa043", "tileid": "7a7b6796-528d-47ae-8a7c-c8382067b5de"}, {"data": {"3cf97dcf-6f4d-11ea-a4c0-c0b8832fa043": "34eeedc1-66cf-4aa8-ae66-c360c91544d8"}, "provisionaledits": null, "parenttile_id": null, "nodegroup_id": "3cf97dcf-6f4d-11ea-a4c0-c0b8832fa043", "sortorder": 0, "resourceinstance_id": "633325c0-6f73-11ea-94eb-c0b8832fa043", "tileid": "285fc7e7-17af-4364-8b7b-be3c30f123b4"}, {"data": {"8f49a4e1-6f4b-11ea-b1bb-c0b8832fa043": "Special K", "f49d20b0-6f4b-11ea-a91e-c0b8832fa043": "426ab861-6f57-4a6d-8f9c-073e75917a09"}, "provisionaledits": null, "parenttile_id": null, "nodegroup_id": "36f5eff0-6f47-11ea-a90e-c0b8832fa043", "sortorder": 1, "resourceinstance_id": "633325c0-6f73-11ea-94eb-c0b8832fa043", "tileid": "c14d8e69-c869-4af1-9259-7aa69e777b07"}, {"data": {"8f49a4e1-6f4b-11ea-b1bb-c0b8832fa043": "Caleb", "f49d20b0-6f4b-11ea-a91e-c0b8832fa043": "942eae02-1c12-43e0-893d-33beb0aac624"}, "provisionaledits": null, "parenttile_id": null, "nodegroup_id": "36f5eff0-6f47-11ea-a90e-c0b8832fa043", "sortorder": 0, "resourceinstance_id": "633325c0-6f73-11ea-94eb-c0b8832fa043", "tileid": "34eeedc1-66cf-4aa8-ae66-c360c91544d8"}, {"data": {"07beb69e-6eb0-11ea-a1ea-c0b8832fa043": 3293280009.0}, "provisionaledits": null, "parenttile_id": null, "nodegroup_id": "07beb69e-6eb0-11ea-a1ea-c0b8832fa043", "sortorder": 0, "resourceinstance_id": "633325c0-6f73-11ea-94eb-c0b8832fa043", "tileid": "645b088f-be1c-43e4-bcaa-30b53446d06b"}], "resourceinstance": {"graph_id": "4239d541-6eaf-11ea-90f4-c0b8832fa043", "resourceinstanceid": "633325c0-6f73-11ea-94eb-c0b8832fa043", "legacyid": null}}, {"tiles": [{"data": {"16497e80-6f55-11ea-8329-c0b8832fa043": [{"status": "uploaded", "index": 0, "name": "20180830_185332.jpg", "url": "/files/uploadedfiles/20180830_185332.jpg", "lastModified": 1585300493804, "height": 349, "content": "blob:http://localhost:8000/84e270a0-3afb-4821-a66e-0fe40e7c772c", "width": 409, "file_id": "e2798f70-700b-11ea-83f4-c0b8832fa043", "accepted": true, "type": "image/jpeg", "size": 104251}]}, "provisionaledits": null, "parenttile_id": null, "nodegroup_id": "16497e80-6f55-11ea-8329-c0b8832fa043", "sortorder": 0, "resourceinstance_id": "43e5f400-6f72-11ea-a233-c0b8832fa043", "tileid": "c4f8ecad-eca6-4681-a4c4-5a360f21720c"}, {"data": {"32ae2bc0-6f55-11ea-b258-c0b8832fa043": "2020-03-26"}, "provisionaledits": null, "parenttile_id": null, "nodegroup_id": "32ae2bc0-6f55-11ea-b258-c0b8832fa043", "sortorder": 0, "resourceinstance_id": "43e5f400-6f72-11ea-a233-c0b8832fa043", "tileid": "cd7e83ad-8046-475a-8bba-de8e871e9512"}, {"data": {"69562ce1-6f55-11ea-b26c-c0b8832fa043": "<p><strong>Seb</strong>&nbsp;had a bad case of flystrike as a young sheep - he still has scar tissue on his side from what but when he&#39;s in full fleece you can&#39;t see it as the rest of him is so fluffy.</p>\n"}, "provisionaledits": null, "parenttile_id": null, "nodegroup_id": "59c46d4f-6f55-11ea-a789-c0b8832fa043", "sortorder": 0, "resourceinstance_id": "43e5f400-6f72-11ea-a233-c0b8832fa043", "tileid": "7e35c3cf-3248-4a9b-a833-cdb85ff76ec3"}, {"data": {"d6442e70-6f54-11ea-b89a-c0b8832fa043": {"type": "FeatureCollection", "features": [{"geometry": {"type": "Polygon", "coordinates": [[[-1.8321819389241227, 51.47334995216261], [-1.8262922194385567, 51.471800969804804], [-1.829433403156571, 51.46931433551819], [-1.8373518038128793, 51.47131180655654], [-1.8321819389241227, 51.47334995216261]]]}, "type": "Feature", "id": "756cf81cbf34e660cda3f069f14427d1", "properties": {}}, {"geometry": {"type": "Polygon", "coordinates": [[[-1.8373518038128793, 51.47131180655654], [-1.836959155850991, 51.47212707572436], [-1.8349959160186415, 51.47432822971078], [-1.83205105627016, 51.474124423616956], [-1.8373518038128793, 51.47131180655654]]]}, "type": "Feature", "id": "b3b668478b0211d057d229ba1d7f994d", "properties": {}}, {"geometry": {"type": "Point", "coordinates": [-1.831789290962206, 51.47123027883919]}, "type": "Feature", "id": "33b49682bb119601e6597af98846f5fa", "properties": {}}, {"geometry": {"type": "LineString", "coordinates": [[-1.8331635588402833, 51.47151562521256], [-1.8302841404187689, 51.47220860183916], [-1.8287135485597616, 51.47147486155424], [-1.8287789898867572, 51.470781873782244]]}, "type": "Feature", "id": "9f514274162f3a8079564ce6413fc728", "properties": {}}]}, "b76be91e-6f54-11ea-a7e9-c0b8832fa043": ["c8e2e0fc-3b5b-48a7-9e46-a6edd3a065de", "23d4c333-5118-485f-9039-a5c793b4a745", "aa95eba0-1a60-4497-bc0a-e7ab6c626284", "af6173f5-804e-48ac-92c9-b342c35939e6"]}, "provisionaledits": null, "parenttile_id": null, "nodegroup_id": "9bbfdd80-6f54-11ea-bd04-c0b8832fa043", "sortorder": 0, "resourceinstance_id": "43e5f400-6f72-11ea-a233-c0b8832fa043", "tileid": "02ad5301-0cf9-4f3f-8419-bf70ae86bb57"}, {"data": {"d9a26a11-6f53-11ea-a50e-c0b8832fa043": true, "95db08f0-6f53-11ea-9d00-c0b8832fa043": null, "aa3b1970-6f53-11ea-955c-c0b8832fa043": "df73cec5-fed5-48b4-afc2-e6842a345ece", "7ca135cf-6f53-11ea-8546-c0b8832fa043": "2013"}, "provisionaledits": null, "parenttile_id": null, "nodegroup_id": "764cfda1-6f52-11ea-a2f6-c0b8832fa043", "sortorder": 0, "resourceinstance_id": "43e5f400-6f72-11ea-a233-c0b8832fa043", "tileid": "7a0d61a2-fdb9-4bcd-b655-ccc4665b3d40"}, {"data": {"3cf97dcf-6f4d-11ea-a4c0-c0b8832fa043": "22d9708e-c0f4-492b-91ea-93e1b5c8c388"}, "provisionaledits": null, "parenttile_id": null, "nodegroup_id": "3cf97dcf-6f4d-11ea-a4c0-c0b8832fa043", "sortorder": 0, "resourceinstance_id": "43e5f400-6f72-11ea-a233-c0b8832fa043", "tileid": "476e7c58-1e8c-40a1-8847-22ed91f31ea5"}, {"data": {"74b0a0cf-6f54-11ea-be33-c0b8832fa043": ["e9446e8f-6f59-11ea-88b5-c0b8832fa043"]}, "provisionaledits": null, "parenttile_id": "66321676-a96a-4a17-9e18-fd7578307b55", "nodegroup_id": "74b0a0cf-6f54-11ea-be33-c0b8832fa043", "sortorder": 0, "resourceinstance_id": "43e5f400-6f72-11ea-a233-c0b8832fa043", "tileid": "4e34d438-bdc6-49c7-93ba-4298a8c7f936"}, {"data": {"2636fa00-6f52-11ea-933a-c0b8832fa043": "b5b4cf00-6f6f-11ea-9225-c0b8832fa043", "40b07911-6f52-11ea-ad1e-c0b8832fa043": "Stinky (Queensford Inky)"}, "provisionaledits": null, "parenttile_id": null, "nodegroup_id": "0cd0dc30-6f51-11ea-83f8-c0b8832fa043", "sortorder": 0, "resourceinstance_id": "43e5f400-6f72-11ea-a233-c0b8832fa043", "tileid": "66321676-a96a-4a17-9e18-fd7578307b55"}, {"data": {"72938a00-6f50-11ea-b924-c0b8832fa043": "8200911c-7455-4d39-89f3-6cbbee52745f"}, "provisionaledits": null, "parenttile_id": null, "nodegroup_id": "72938a00-6f50-11ea-b924-c0b8832fa043", "sortorder": 0, "resourceinstance_id": "43e5f400-6f72-11ea-a233-c0b8832fa043", "tileid": "143b7227-b1ac-4ec2-93e8-687ac9e7d213"}, {"data": {"fb8d1c4f-6f4f-11ea-9f58-c0b8832fa043": ["2e05360b-9eea-49a6-9dbd-e05176e6aa51", "8ee54d91-fdbd-4e46-b840-713fa3ecbcd6"]}, "provisionaledits": null, "parenttile_id": null, "nodegroup_id": "fb8d1c4f-6f4f-11ea-9f58-c0b8832fa043", "sortorder": 0, "resourceinstance_id": "43e5f400-6f72-11ea-a233-c0b8832fa043", "tileid": "7ea85af8-f9a3-4385-a4ca-e57870137755"}, {"data": {"8f49a4e1-6f4b-11ea-b1bb-c0b8832fa043": "Side-eye Seb", "f49d20b0-6f4b-11ea-a91e-c0b8832fa043": "426ab861-6f57-4a6d-8f9c-073e75917a09"}, "provisionaledits": null, "parenttile_id": null, "nodegroup_id": "36f5eff0-6f47-11ea-a90e-c0b8832fa043", "sortorder": 2, "resourceinstance_id": "43e5f400-6f72-11ea-a233-c0b8832fa043", "tileid": "6355c97c-9a24-4f87-a5f1-bd7d79e3a70b"}, {"data": {"8f49a4e1-6f4b-11ea-b1bb-c0b8832fa043": "Seb", "f49d20b0-6f4b-11ea-a91e-c0b8832fa043": "426ab861-6f57-4a6d-8f9c-073e75917a09"}, "provisionaledits": null, "parenttile_id": null, "nodegroup_id": "36f5eff0-6f47-11ea-a90e-c0b8832fa043", "sortorder": 1, "resourceinstance_id": "43e5f400-6f72-11ea-a233-c0b8832fa043", "tileid": "22d9708e-c0f4-492b-91ea-93e1b5c8c388"}, {"data": {"8f49a4e1-6f4b-11ea-b1bb-c0b8832fa043": "Sebastian", "f49d20b0-6f4b-11ea-a91e-c0b8832fa043": "942eae02-1c12-43e0-893d-33beb0aac624"}, "provisionaledits": null, "parenttile_id": null, "nodegroup_id": "36f5eff0-6f47-11ea-a90e-c0b8832fa043", "sortorder": 0, "resourceinstance_id": "43e5f400-6f72-11ea-a233-c0b8832fa043", "tileid": "076349ab-1111-494a-9498-89802b6d96b6"}, {"data": {"07beb69e-6eb0-11ea-a1ea-c0b8832fa043": 3293280016.0}, "provisionaledits": null, "parenttile_id": null, "nodegroup_id": "07beb69e-6eb0-11ea-a1ea-c0b8832fa043", "sortorder": 0, "resourceinstance_id": "43e5f400-6f72-11ea-a233-c0b8832fa043", "tileid": "f09e14ee-b58a-4305-b3fb-0614c66b2b3b"}], "resourceinstance": {"graph_id": "4239d541-6eaf-11ea-90f4-c0b8832fa043", "resourceinstanceid": "43e5f400-6f72-11ea-a233-c0b8832fa043", "legacyid": null}}, {"tiles": [{"data": {"16497e80-6f55-11ea-8329-c0b8832fa043": [{"status": "uploaded", "index": 0, "name": "20180214_133503.jpg", "url": "/files/uploadedfiles/20180214_133503.jpg", "lastModified": 1585300448792, "height": 347, "content": "blob:http://localhost:8000/f5e29f1c-0906-44de-8eb6-b1fd952decd4", "width": 367, "file_id": "f88728de-700b-11ea-ac2a-c0b8832fa043", "accepted": true, "type": "image/jpeg", "size": 89845}]}, "provisionaledits": null, "parenttile_id": null, "nodegroup_id": "16497e80-6f55-11ea-8329-c0b8832fa043", "sortorder": 0, "resourceinstance_id": "eb90b340-6f7f-11ea-af8f-c0b8832fa043", "tileid": "78596344-d101-4edc-9c11-6cb797812056"}, {"data": {"69562ce1-6f55-11ea-b26c-c0b8832fa043": "<p>Norah joined the flock of her own accord, leading her three day old lamb, Swag, through two electric fences and across a flooded ditch to join sheep who looked to be having a far softer life than she had been experiencing.&nbsp;&nbsp;</p>\n"}, "provisionaledits": null, "parenttile_id": null, "nodegroup_id": "59c46d4f-6f55-11ea-a789-c0b8832fa043", "sortorder": 0, "resourceinstance_id": "eb90b340-6f7f-11ea-af8f-c0b8832fa043", "tileid": "c47b2a28-c967-4ecb-ae26-c30225909347"}, {"data": {"32ae2bc0-6f55-11ea-b258-c0b8832fa043": "2020-03-26"}, "provisionaledits": null, "parenttile_id": null, "nodegroup_id": "32ae2bc0-6f55-11ea-b258-c0b8832fa043", "sortorder": 0, "resourceinstance_id": "eb90b340-6f7f-11ea-af8f-c0b8832fa043", "tileid": "4703d2ff-f1af-497a-afba-69ad85812602"}, {"data": {"d6442e70-6f54-11ea-b89a-c0b8832fa043": {"type": "FeatureCollection", "features": [{"geometry": {"type": "Polygon", "coordinates": [[[-1.8312933748560454, 51.4724181135513], [-1.8231757440256047, 51.4709336412007], [-1.8276441646623311, 51.46680469846876], [-1.8382939005371668, 51.47014499561186], [-1.8312933748560454, 51.4724181135513]]]}, "type": "Feature", "id": "2865dcbbe3991b8d51d2369dee8411c5", "properties": {}}]}, "b76be91e-6f54-11ea-a7e9-c0b8832fa043": ["c8e2e0fc-3b5b-48a7-9e46-a6edd3a065de", "23d4c333-5118-485f-9039-a5c793b4a745", "aa95eba0-1a60-4497-bc0a-e7ab6c626284", "af6173f5-804e-48ac-92c9-b342c35939e6"]}, "provisionaledits": null, "parenttile_id": null, "nodegroup_id": "9bbfdd80-6f54-11ea-bd04-c0b8832fa043", "sortorder": 0, "resourceinstance_id": "eb90b340-6f7f-11ea-af8f-c0b8832fa043", "tileid": "58e5e700-843d-446c-a094-925d201e246f"}, {"data": {"d9a26a11-6f53-11ea-a50e-c0b8832fa043": false, "95db08f0-6f53-11ea-9d00-c0b8832fa043": "2019", "aa3b1970-6f53-11ea-955c-c0b8832fa043": null, "7ca135cf-6f53-11ea-8546-c0b8832fa043": "2007"}, "provisionaledits": null, "parenttile_id": null, "nodegroup_id": "764cfda1-6f52-11ea-a2f6-c0b8832fa043", "sortorder": 0, "resourceinstance_id": "eb90b340-6f7f-11ea-af8f-c0b8832fa043", "tileid": "cd3ceb08-8097-4cba-83a4-60a1577ee9ac"}, {"data": {"2636fa00-6f52-11ea-933a-c0b8832fa043": null, "40b07911-6f52-11ea-ad1e-c0b8832fa043": null}, "provisionaledits": null, "parenttile_id": null, "nodegroup_id": "0cd0dc30-6f51-11ea-83f8-c0b8832fa043", "sortorder": 0, "resourceinstance_id": "eb90b340-6f7f-11ea-af8f-c0b8832fa043", "tileid": "c4c55cff-ee7e-44c5-91da-7ce242b31715"}, {"data": {"72938a00-6f50-11ea-b924-c0b8832fa043": "3e317e27-d46d-4ad6-a0c9-8ba210ba6e23"}, "provisionaledits": null, "parenttile_id": null, "nodegroup_id": "72938a00-6f50-11ea-b924-c0b8832fa043", "sortorder": 0, "resourceinstance_id": "eb90b340-6f7f-11ea-af8f-c0b8832fa043", "tileid": "cb1a2745-4289-4caa-822a-8f97872776ff"}, {"data": {"fb8d1c4f-6f4f-11ea-9f58-c0b8832fa043": ["55e6b436-e13c-4aea-80ea-e769f6a82503"]}, "provisionaledits": null, "parenttile_id": null, "nodegroup_id": "fb8d1c4f-6f4f-11ea-9f58-c0b8832fa043", "sortorder": 0, "resourceinstance_id": "eb90b340-6f7f-11ea-af8f-c0b8832fa043", "tileid": "0835e85b-f5f6-4a3c-b8db-6fb18c9f2139"}, {"data": {"3cf97dcf-6f4d-11ea-a4c0-c0b8832fa043": "cb4c5d69-cd48-465e-beba-b1bd2a619f67"}, "provisionaledits": null, "parenttile_id": null, "nodegroup_id": "3cf97dcf-6f4d-11ea-a4c0-c0b8832fa043", "sortorder": 0, "resourceinstance_id": "eb90b340-6f7f-11ea-af8f-c0b8832fa043", "tileid": "76085c16-bc0a-4e7b-937f-2ff39feb8059"}, {"data": {"8f49a4e1-6f4b-11ea-b1bb-c0b8832fa043": "Norah", "f49d20b0-6f4b-11ea-a91e-c0b8832fa043": "942eae02-1c12-43e0-893d-33beb0aac624"}, "provisionaledits": null, "parenttile_id": null, "nodegroup_id": "36f5eff0-6f47-11ea-a90e-c0b8832fa043", "sortorder": 0, "resourceinstance_id": "eb90b340-6f7f-11ea-af8f-c0b8832fa043", "tileid": "cb4c5d69-cd48-465e-beba-b1bd2a619f67"}, {"data": {"07beb69e-6eb0-11ea-a1ea-c0b8832fa043": 323283.0}, "provisionaledits": null, "parenttile_id": null, "nodegroup_id": "07beb69e-6eb0-11ea-a1ea-c0b8832fa043", "sortorder": 0, "resourceinstance_id": "eb90b340-6f7f-11ea-af8f-c0b8832fa043", "tileid": "29b89505-179c-445a-a6cc-92cc6d59510b"}], "resourceinstance": {"graph_id": "4239d541-6eaf-11ea-90f4-c0b8832fa043", "resourceinstanceid": "eb90b340-6f7f-11ea-af8f-c0b8832fa043", "legacyid": null}}, {"tiles": [{"data": {"16497e80-6f55-11ea-8329-c0b8832fa043": [{"status": "uploaded", "index": 0, "name": "20190327_174138.jpg", "url": "/files/uploadedfiles/20190327_174138.jpg", "lastModified": 1585300513102, "height": 353, "content": "blob:http://localhost:8000/d0af1354-0ed8-4c77-b741-7894db4f2b69", "width": 350, "file_id": "197bbe80-700c-11ea-8a79-c0b8832fa043", "accepted": true, "type": "image/jpeg", "size": 89988}]}, "provisionaledits": null, "parenttile_id": null, "nodegroup_id": "16497e80-6f55-11ea-8329-c0b8832fa043", "sortorder": 0, "resourceinstance_id": "7b63eb21-6f64-11ea-91b0-c0b8832fa043", "tileid": "15454428-8ded-40dc-87a9-1b17627fe7f1"}, {"data": {"32ae2bc0-6f55-11ea-b258-c0b8832fa043": "2020-03-26"}, "provisionaledits": null, "parenttile_id": null, "nodegroup_id": "32ae2bc0-6f55-11ea-b258-c0b8832fa043", "sortorder": 0, "resourceinstance_id": "7b63eb21-6f64-11ea-91b0-c0b8832fa043", "tileid": "b1569852-d1b3-476d-a30b-25ab2f9a7515"}, {"data": {"69562ce1-6f55-11ea-b26c-c0b8832fa043": "<p>Sovay is named after the folk song &#39;Sovay the Female Highwayman&#39; and she takes the reference much to heart being very spirited in nature.&nbsp; She has ears that are a little too big for the rest of her.</p>\n"}, "provisionaledits": null, "parenttile_id": null, "nodegroup_id": "59c46d4f-6f55-11ea-a789-c0b8832fa043", "sortorder": 0, "resourceinstance_id": "7b63eb21-6f64-11ea-91b0-c0b8832fa043", "tileid": "70770814-601a-4478-96c2-a36f8eb9da9c"}, {"data": {"d6442e70-6f54-11ea-b89a-c0b8832fa043": {"type": "FeatureCollection", "features": [{"geometry": {"type": "Polygon", "coordinates": [[[-1.83802264053827, 51.47111316123065], [-1.8321169875779901, 51.46904004295817], [-1.826635497527235, 51.4722919511799], [-1.8337157555065744, 51.47395846430763], [-1.837533221784156, 51.474283630502555], [-1.83802264053827, 51.47111316123065]]]}, "type": "Feature", "id": "c1241183b7b7371272ef76539f10861e", "properties": {}}, {"geometry": {"type": "LineString", "coordinates": [[-1.8344661975931729, 51.47280004089973], [-1.8318885921563322, 51.47184482754503], [-1.8334873600849733, 51.47052375483767]]}, "type": "Feature", "id": "1b5ccf851d21d253555abe3c3da91e5b", "properties": {}}, {"geometry": {"type": "Point", "coordinates": [-1.8352166396797998, 51.471377375419706]}, "type": "Feature", "id": "08c5769a126c298da01ae25182628fb9", "properties": {}}]}, "b76be91e-6f54-11ea-a7e9-c0b8832fa043": ["c8e2e0fc-3b5b-48a7-9e46-a6edd3a065de", "aa95eba0-1a60-4497-bc0a-e7ab6c626284", "af6173f5-804e-48ac-92c9-b342c35939e6"]}, "provisionaledits": null, "parenttile_id": null, "nodegroup_id": "9bbfdd80-6f54-11ea-bd04-c0b8832fa043", "sortorder": 0, "resourceinstance_id": "7b63eb21-6f64-11ea-91b0-c0b8832fa043", "tileid": "c4acec12-45a0-47a9-8096-40be90c0cce5"}, {"data": {"d9a26a11-6f53-11ea-a50e-c0b8832fa043": true, "95db08f0-6f53-11ea-9d00-c0b8832fa043": null, "aa3b1970-6f53-11ea-955c-c0b8832fa043": "df73cec5-fed5-48b4-afc2-e6842a345ece", "7ca135cf-6f53-11ea-8546-c0b8832fa043": "2016"}, "provisionaledits": null, "parenttile_id": null, "nodegroup_id": "764cfda1-6f52-11ea-a2f6-c0b8832fa043", "sortorder": 0, "resourceinstance_id": "7b63eb21-6f64-11ea-91b0-c0b8832fa043", "tileid": "6ea8cfa0-f44b-4177-b325-6f9d6aff72bd"}, {"data": {"2636fa00-6f52-11ea-933a-c0b8832fa043": "ddddb3b0-6f5c-11ea-857e-c0b8832fa043", "40b07911-6f52-11ea-ad1e-c0b8832fa043": "Owen (Owen Glendower)"}, "provisionaledits": null, "parenttile_id": null, "nodegroup_id": "0cd0dc30-6f51-11ea-83f8-c0b8832fa043", "sortorder": 0, "resourceinstance_id": "7b63eb21-6f64-11ea-91b0-c0b8832fa043", "tileid": "1fee7d36-3c17-400d-a780-d7685ebaca84"}, {"data": {"72938a00-6f50-11ea-b924-c0b8832fa043": "3e317e27-d46d-4ad6-a0c9-8ba210ba6e23"}, "provisionaledits": null, "parenttile_id": null, "nodegroup_id": "72938a00-6f50-11ea-b924-c0b8832fa043", "sortorder": 0, "resourceinstance_id": "7b63eb21-6f64-11ea-91b0-c0b8832fa043", "tileid": "4bb25936-69c7-4062-93d2-daa4b80f9026"}, {"data": {"fb8d1c4f-6f4f-11ea-9f58-c0b8832fa043": ["2e05360b-9eea-49a6-9dbd-e05176e6aa51"]}, "provisionaledits": null, "parenttile_id": null, "nodegroup_id": "fb8d1c4f-6f4f-11ea-9f58-c0b8832fa043", "sortorder": 0, "resourceinstance_id": "7b63eb21-6f64-11ea-91b0-c0b8832fa043", "tileid": "2656e452-ca53-4f00-b248-374215ba8d13"}, {"data": {"3cf97dcf-6f4d-11ea-a4c0-c0b8832fa043": "11881669-c13e-4b60-9e05-e2ef9f27a98e"}, "provisionaledits": null, "parenttile_id": null, "nodegroup_id": "3cf97dcf-6f4d-11ea-a4c0-c0b8832fa043", "sortorder": 0, "resourceinstance_id": "7b63eb21-6f64-11ea-91b0-c0b8832fa043", "tileid": "bd2a90d2-0f35-4806-96c0-1d0cb5a0121d"}, {"data": {"8f49a4e1-6f4b-11ea-b1bb-c0b8832fa043": "Sovay", "f49d20b0-6f4b-11ea-a91e-c0b8832fa043": "942eae02-1c12-43e0-893d-33beb0aac624"}, "provisionaledits": null, "parenttile_id": null, "nodegroup_id": "36f5eff0-6f47-11ea-a90e-c0b8832fa043", "sortorder": 0, "resourceinstance_id": "7b63eb21-6f64-11ea-91b0-c0b8832fa043", "tileid": "11881669-c13e-4b60-9e05-e2ef9f27a98e"}, {"data": {"07beb69e-6eb0-11ea-a1ea-c0b8832fa043": 2393280027.0}, "provisionaledits": null, "parenttile_id": null, "nodegroup_id": "07beb69e-6eb0-11ea-a1ea-c0b8832fa043", "sortorder": 0, "resourceinstance_id": "7b63eb21-6f64-11ea-91b0-c0b8832fa043", "tileid": "5a1f2eb3-4a86-49da-ac13-8b30420bee57"}], "resourceinstance": {"graph_id": "4239d541-6eaf-11ea-90f4-c0b8832fa043", "resourceinstanceid": "7b63eb21-6f64-11ea-91b0-c0b8832fa043", "legacyid": null}}, {"tiles": [{"data": {"16497e80-6f55-11ea-8329-c0b8832fa043": [{"status": "uploaded", "index": 0, "name": "20191225_093352.jpg", "url": "/files/uploadedfiles/20191225_093352.jpg", "lastModified": 1585300635427, "height": 349, "content": "blob:http://localhost:8000/e3c2235b-1ee1-421a-9438-abeeca2d1bb3", "width": 326, "file_id": "d4f83951-700b-11ea-b93c-c0b8832fa043", "accepted": true, "type": "image/jpeg", "size": 82873}]}, "provisionaledits": null, "parenttile_id": null, "nodegroup_id": "16497e80-6f55-11ea-8329-c0b8832fa043", "sortorder": 0, "resourceinstance_id": "913a1940-7006-11ea-b7ae-c0b8832fa043", "tileid": "9e91ef6a-bbf0-40db-a754-79858d2b6ba1"}, {"data": {"32ae2bc0-6f55-11ea-b258-c0b8832fa043": "2020-03-27"}, "provisionaledits": null, "parenttile_id": null, "nodegroup_id": "32ae2bc0-6f55-11ea-b258-c0b8832fa043", "sortorder": 0, "resourceinstance_id": "913a1940-7006-11ea-b7ae-c0b8832fa043", "tileid": "941d3528-6155-40b3-b956-016e5ef2eeec"}, {"data": {"69562ce1-6f55-11ea-b26c-c0b8832fa043": "<p>Eleanor (named after Eleanor of Aquitaine) is the epitome helicopter parent, much to the dismay of her son Tiny Tim.&nbsp; She probably has the most versatile fleece of the flock.</p>\n"}, "provisionaledits": null, "parenttile_id": null, "nodegroup_id": "59c46d4f-6f55-11ea-a789-c0b8832fa043", "sortorder": 0, "resourceinstance_id": "913a1940-7006-11ea-b7ae-c0b8832fa043", "tileid": "5be533c1-8eca-44d1-9a53-7bcc9847f232"}, {"data": {"d6442e70-6f54-11ea-b89a-c0b8832fa043": {"type": "FeatureCollection", "features": [{"geometry": {"type": "Polygon", "coordinates": [[[-1.8310562585570551, 51.47267788774647], [-1.8234257124206295, 51.470839109002526], [-1.8271017419476436, 51.467716484743534], [-1.8336740371610745, 51.47014521097162], [-1.8310562585570551, 51.47267788774647]]]}, "type": "Feature", "id": "c2652c0d6cd28359301fa0f2d5589cb3", "properties": {}}, {"geometry": {"type": "Point", "coordinates": [-1.8269346496981598, 51.47070033024184]}, "type": "Feature", "id": "b11d974aa0e3dd25796b52751bf049d2", "properties": {}}, {"geometry": {"type": "LineString", "coordinates": [[-1.8278815057881275, 51.47142891403186], [-1.8299980076340603, 51.47142891403186], [-1.8310005611405415, 51.47017990612355], [-1.8280485980376397, 51.468896167913385]]}, "type": "Feature", "id": "8f097ecc6466d88f41f0de8f1b875660", "properties": {}}]}, "b76be91e-6f54-11ea-a7e9-c0b8832fa043": ["c8e2e0fc-3b5b-48a7-9e46-a6edd3a065de", "23d4c333-5118-485f-9039-a5c793b4a745", "aa95eba0-1a60-4497-bc0a-e7ab6c626284", "af6173f5-804e-48ac-92c9-b342c35939e6"]}, "provisionaledits": null, "parenttile_id": null, "nodegroup_id": "9bbfdd80-6f54-11ea-bd04-c0b8832fa043", "sortorder": 0, "resourceinstance_id": "913a1940-7006-11ea-b7ae-c0b8832fa043", "tileid": "de3af6d4-dcd9-414d-a707-85b86746b777"}, {"data": {"d9a26a11-6f53-11ea-a50e-c0b8832fa043": true, "95db08f0-6f53-11ea-9d00-c0b8832fa043": null, "aa3b1970-6f53-11ea-955c-c0b8832fa043": "df73cec5-fed5-48b4-afc2-e6842a345ece", "7ca135cf-6f53-11ea-8546-c0b8832fa043": "2012"}, "provisionaledits": null, "parenttile_id": null, "nodegroup_id": "764cfda1-6f52-11ea-a2f6-c0b8832fa043", "sortorder": 0, "resourceinstance_id": "913a1940-7006-11ea-b7ae-c0b8832fa043", "tileid": "f29f0baa-2fcb-4832-947a-042cb8e11083"}, {"data": {"2636fa00-6f52-11ea-933a-c0b8832fa043": "eb90b340-6f7f-11ea-af8f-c0b8832fa043", "40b07911-6f52-11ea-ad1e-c0b8832fa043": "Stinky (Queensford Inky)"}, "provisionaledits": null, "parenttile_id": null, "nodegroup_id": "0cd0dc30-6f51-11ea-83f8-c0b8832fa043", "sortorder": 0, "resourceinstance_id": "913a1940-7006-11ea-b7ae-c0b8832fa043", "tileid": "19563cb7-ec3a-4cce-9882-d6ab87ba2aa7"}, {"data": {"72938a00-6f50-11ea-b924-c0b8832fa043": "3e317e27-d46d-4ad6-a0c9-8ba210ba6e23"}, "provisionaledits": null, "parenttile_id": null, "nodegroup_id": "72938a00-6f50-11ea-b924-c0b8832fa043", "sortorder": 0, "resourceinstance_id": "913a1940-7006-11ea-b7ae-c0b8832fa043", "tileid": "5ecb4d36-c19c-4d53-a324-b5767f5d3304"}, {"data": {"fb8d1c4f-6f4f-11ea-9f58-c0b8832fa043": ["55e6b436-e13c-4aea-80ea-e769f6a82503", "2e05360b-9eea-49a6-9dbd-e05176e6aa51"]}, "provisionaledits": null, "parenttile_id": null, "nodegroup_id": "fb8d1c4f-6f4f-11ea-9f58-c0b8832fa043", "sortorder": 0, "resourceinstance_id": "913a1940-7006-11ea-b7ae-c0b8832fa043", "tileid": "0c1b3d04-e939-4fca-91e2-662ac93bbeeb"}, {"data": {"3cf97dcf-6f4d-11ea-a4c0-c0b8832fa043": "00a08555-380e-4501-b430-5248562a5767"}, "provisionaledits": null, "parenttile_id": null, "nodegroup_id": "3cf97dcf-6f4d-11ea-a4c0-c0b8832fa043", "sortorder": 0, "resourceinstance_id": "913a1940-7006-11ea-b7ae-c0b8832fa043", "tileid": "a32a84a2-edcb-4803-a6e1-4bfcd8d2975e"}, {"data": {"8f49a4e1-6f4b-11ea-b1bb-c0b8832fa043": "Eleanor", "f49d20b0-6f4b-11ea-a91e-c0b8832fa043": "942eae02-1c12-43e0-893d-33beb0aac624"}, "provisionaledits": null, "parenttile_id": null, "nodegroup_id": "36f5eff0-6f47-11ea-a90e-c0b8832fa043", "sortorder": 0, "resourceinstance_id": "913a1940-7006-11ea-b7ae-c0b8832fa043", "tileid": "00a08555-380e-4501-b430-5248562a5767"}, {"data": {"07beb69e-6eb0-11ea-a1ea-c0b8832fa043": 393280007.0}, "provisionaledits": null, "parenttile_id": null, "nodegroup_id": "07beb69e-6eb0-11ea-a1ea-c0b8832fa043", "sortorder": 0, "resourceinstance_id": "913a1940-7006-11ea-b7ae-c0b8832fa043", "tileid": "e2800d65-212b-464a-a717-606575d05267"}], "resourceinstance": {"graph_id": "4239d541-6eaf-11ea-90f4-c0b8832fa043", "resourceinstanceid": "913a1940-7006-11ea-b7ae-c0b8832fa043", "legacyid": null}}, {"tiles": [{"data": {"16497e80-6f55-11ea-8329-c0b8832fa043": [{"status": "uploaded", "index": 0, "name": "20191127_132758.jpg", "url": "/files/uploadedfiles/20191127_132758.jpg", "lastModified": 1585300551644, "height": 349, "content": "blob:http://localhost:8000/fbd2dcd8-2662-4813-b082-9623b60711a2", "width": 431, "file_id": "3fbc1270-700c-11ea-b7f5-c0b8832fa043", "accepted": true, "type": "image/jpeg", "size": 95668}]}, "provisionaledits": null, "parenttile_id": null, "nodegroup_id": "16497e80-6f55-11ea-8329-c0b8832fa043", "sortorder": 0, "resourceinstance_id": "ddddb3b0-6f5c-11ea-857e-c0b8832fa043", "tileid": "e3b723ce-19c7-4ac6-8a72-01da2c947fcc"}, {"data": {"3f0d3e6e-6f54-11ea-94b7-c0b8832fa043": ["7b63eb21-6f64-11ea-91b0-c0b8832fa043", "8ee82b80-6f6d-11ea-ada9-c0b8832fa043"]}, "provisionaledits": null, "parenttile_id": "8aa9fa9a-0571-444a-b6be-c6b614889183", "nodegroup_id": "3f0d3e6e-6f54-11ea-94b7-c0b8832fa043", "sortorder": 0, "resourceinstance_id": "ddddb3b0-6f5c-11ea-857e-c0b8832fa043", "tileid": "d660f549-7789-4c25-a807-758e279eb03b"}, {"data": {"2636fa00-6f52-11ea-933a-c0b8832fa043": null, "40b07911-6f52-11ea-ad1e-c0b8832fa043": "Stinky (Queensford Inky)"}, "provisionaledits": null, "parenttile_id": null, "nodegroup_id": "0cd0dc30-6f51-11ea-83f8-c0b8832fa043", "sortorder": 0, "resourceinstance_id": "ddddb3b0-6f5c-11ea-857e-c0b8832fa043", "tileid": "8aa9fa9a-0571-444a-b6be-c6b614889183"}, {"data": {"69562ce1-6f55-11ea-b26c-c0b8832fa043": "<p><strong>Mab</strong>&nbsp;is a very bustly and nosey ewe who chose Chantelle as her personal dogs body.&nbsp; Very good mother to her lambs.</p>\n\n<p>Also known as the Queen of Lean because she&#39;s a pro leaner, reaching an impressive 45&ordm; angle at times as she pushes all her body weight against your kneecaps.</p>\n"}, "provisionaledits": null, "parenttile_id": null, "nodegroup_id": "59c46d4f-6f55-11ea-a789-c0b8832fa043", "sortorder": 0, "resourceinstance_id": "ddddb3b0-6f5c-11ea-857e-c0b8832fa043", "tileid": "777cca72-780a-402c-bef2-9f53dbd7e070"}, {"data": {"32ae2bc0-6f55-11ea-b258-c0b8832fa043": "2020-03-26"}, "provisionaledits": null, "parenttile_id": null, "nodegroup_id": "32ae2bc0-6f55-11ea-b258-c0b8832fa043", "sortorder": 0, "resourceinstance_id": "ddddb3b0-6f5c-11ea-857e-c0b8832fa043", "tileid": "8b9718a9-cff7-493c-a5fa-aeb10ecf8fe4"}, {"data": {"d6442e70-6f54-11ea-b89a-c0b8832fa043": {"type": "FeatureCollection", "features": [{"geometry": {"type": "Polygon", "coordinates": [[[-1.834296139796578, 51.46972829446253], [-1.8280253361645293, 51.46763220469606], [-1.823398706658054, 51.47037139360515], [-1.830357769217926, 51.472681712049564], [-1.834296139796578, 51.46972829446253]]]}, "type": "Feature", "id": "de159cb4e6d3abc1014884ab92baecfd", "properties": {}}, {"geometry": {"type": "LineString", "coordinates": [[-1.8258458495394905, 51.469371013242295], [-1.8271458941944445, 51.47113357344665], [-1.830051876361125, 51.47177665278508], [-1.8322695995999538, 51.4704428485054], [-1.8299754031468751, 51.47096684769616], [-1.8291341977772788, 51.47027612023069], [-1.8309695549449714, 51.46944246970935]]}, "type": "Feature", "id": "77b34408cc5eb69deee76745aad0ad3d", "properties": {}}, {"geometry": {"type": "Point", "coordinates": [-1.8281782825929724, 51.470085572884955]}, "type": "Feature", "id": "da699a478c724d96d1f91920082fa78d", "properties": {}}]}, "b76be91e-6f54-11ea-a7e9-c0b8832fa043": ["c8e2e0fc-3b5b-48a7-9e46-a6edd3a065de", "23d4c333-5118-485f-9039-a5c793b4a745", "aa95eba0-1a60-4497-bc0a-e7ab6c626284", "af6173f5-804e-48ac-92c9-b342c35939e6"]}, "provisionaledits": null, "parenttile_id": null, "nodegroup_id": "9bbfdd80-6f54-11ea-bd04-c0b8832fa043", "sortorder": 0, "resourceinstance_id": "ddddb3b0-6f5c-11ea-857e-c0b8832fa043", "tileid": "4c9a4282-b0d2-4552-8285-35938ed19107"}, {"data": {"d9a26a11-6f53-11ea-a50e-c0b8832fa043": true, "95db08f0-6f53-11ea-9d00-c0b8832fa043": null, "aa3b1970-6f53-11ea-955c-c0b8832fa043": "df73cec5-fed5-48b4-afc2-e6842a345ece", "7ca135cf-6f53-11ea-8546-c0b8832fa043": "2012"}, "provisionaledits": null, "parenttile_id": null, "nodegroup_id": "764cfda1-6f52-11ea-a2f6-c0b8832fa043", "sortorder": 0, "resourceinstance_id": "ddddb3b0-6f5c-11ea-857e-c0b8832fa043", "tileid": "978d0f7e-5d36-480d-9200-73ef899b6f34"}, {"data": {"72938a00-6f50-11ea-b924-c0b8832fa043": "3e317e27-d46d-4ad6-a0c9-8ba210ba6e23"}, "provisionaledits": null, "parenttile_id": null, "nodegroup_id": "72938a00-6f50-11ea-b924-c0b8832fa043", "sortorder": 0, "resourceinstance_id": "ddddb3b0-6f5c-11ea-857e-c0b8832fa043", "tileid": "bd687a28-9d59-4b7a-8579-92e52529e4b2"}, {"data": {"fb8d1c4f-6f4f-11ea-9f58-c0b8832fa043": ["2e05360b-9eea-49a6-9dbd-e05176e6aa51"]}, "provisionaledits": null, "parenttile_id": null, "nodegroup_id": "fb8d1c4f-6f4f-11ea-9f58-c0b8832fa043", "sortorder": 0, "resourceinstance_id": "ddddb3b0-6f5c-11ea-857e-c0b8832fa043", "tileid": "0f23ebb3-be27-4225-916b-74295b2a6e5f"}, {"data": {"3cf97dcf-6f4d-11ea-a4c0-c0b8832fa043": "f681f151-7c76-49cf-9684-6ac85225369e"}, "provisionaledits": null, "parenttile_id": null, "nodegroup_id": "3cf97dcf-6f4d-11ea-a4c0-c0b8832fa043", "sortorder": 0, "resourceinstance_id": "ddddb3b0-6f5c-11ea-857e-c0b8832fa043", "tileid": "4a559c03-25b4-4abf-bb4f-83b3df63dbf4"}, {"data": {"8f49a4e1-6f4b-11ea-b1bb-c0b8832fa043": "Queen Mab", "f49d20b0-6f4b-11ea-a91e-c0b8832fa043": "426ab861-6f57-4a6d-8f9c-073e75917a09"}, "provisionaledits": null, "parenttile_id": null, "nodegroup_id": "36f5eff0-6f47-11ea-a90e-c0b8832fa043", "sortorder": 2, "resourceinstance_id": "ddddb3b0-6f5c-11ea-857e-c0b8832fa043", "tileid": "e1263e09-e442-405c-a1c1-4c92a2d02cbd"}, {"data": {"8f49a4e1-6f4b-11ea-b1bb-c0b8832fa043": "Mabkins", "f49d20b0-6f4b-11ea-a91e-c0b8832fa043": "426ab861-6f57-4a6d-8f9c-073e75917a09"}, "provisionaledits": null, "parenttile_id": null, "nodegroup_id": "36f5eff0-6f47-11ea-a90e-c0b8832fa043", "sortorder": 1, "resourceinstance_id": "ddddb3b0-6f5c-11ea-857e-c0b8832fa043", "tileid": "84377c42-b862-4630-81a2-7bff5e5a9503"}, {"data": {"8f49a4e1-6f4b-11ea-b1bb-c0b8832fa043": "Mab", "f49d20b0-6f4b-11ea-a91e-c0b8832fa043": "942eae02-1c12-43e0-893d-33beb0aac624"}, "provisionaledits": null, "parenttile_id": null, "nodegroup_id": "36f5eff0-6f47-11ea-a90e-c0b8832fa043", "sortorder": 0, "resourceinstance_id": "ddddb3b0-6f5c-11ea-857e-c0b8832fa043", "tileid": "f681f151-7c76-49cf-9684-6ac85225369e"}, {"data": {"07beb69e-6eb0-11ea-a1ea-c0b8832fa043": 3293280003.0}, "provisionaledits": null, "parenttile_id": null, "nodegroup_id": "07beb69e-6eb0-11ea-a1ea-c0b8832fa043", "sortorder": 0, "resourceinstance_id": "ddddb3b0-6f5c-11ea-857e-c0b8832fa043", "tileid": "ce9df0d6-7db7-45e9-9722-30106258e646"}], "resourceinstance": {"graph_id": "4239d541-6eaf-11ea-90f4-c0b8832fa043", "resourceinstanceid": "ddddb3b0-6f5c-11ea-857e-c0b8832fa043", "legacyid": null}}, {"tiles": [{"data": {"16497e80-6f55-11ea-8329-c0b8832fa043": [{"status": "uploaded", "index": 0, "name": "20171108_140651.jpg", "url": "/files/uploadedfiles/20171108_140651.jpg", "lastModified": 1585300431580, "height": 385, "content": "blob:http://localhost:8000/93fda83d-4263-45d5-82f5-2e19a892d343", "width": 348, "file_id": "eb42b4b0-700b-11ea-bc52-c0b8832fa043", "accepted": true, "type": "image/jpeg", "size": 94169}]}, "provisionaledits": null, "parenttile_id": null, "nodegroup_id": "16497e80-6f55-11ea-8329-c0b8832fa043", "sortorder": 0, "resourceinstance_id": "c62ee830-6f6e-11ea-9c3d-c0b8832fa043", "tileid": "94e8bed3-5cc0-4bc1-b015-046a1276e785"}, {"data": {"32ae2bc0-6f55-11ea-b258-c0b8832fa043": "2020-03-26"}, "provisionaledits": null, "parenttile_id": null, "nodegroup_id": "32ae2bc0-6f55-11ea-b258-c0b8832fa043", "sortorder": 0, "resourceinstance_id": "c62ee830-6f6e-11ea-9c3d-c0b8832fa043", "tileid": "b85ae647-f00a-4db6-9fb3-9153c9fa3293"}, {"data": {"69562ce1-6f55-11ea-b26c-c0b8832fa043": "<p>Nimmers is one of the more standoff-ish members of the flock until she gets to know you.&nbsp; She earned the nickname &#39;No Neck Nimmers&#39; because her fleece grows so think it looks as though her head is attached directly to her shoulders.&nbsp; She&nbsp;<strong>REALLY&nbsp;</strong>didn&#39;t like the Square Field at Vowley.</p>\n"}, "provisionaledits": null, "parenttile_id": null, "nodegroup_id": "59c46d4f-6f55-11ea-a789-c0b8832fa043", "sortorder": 0, "resourceinstance_id": "c62ee830-6f6e-11ea-9c3d-c0b8832fa043", "tileid": "e45c51cb-6dd9-49a6-9ec0-a04444e42ed1"}, {"data": {"d6442e70-6f54-11ea-b89a-c0b8832fa043": {"type": "FeatureCollection", "features": [{"geometry": {"type": "Polygon", "coordinates": [[[-1.8290140403472037, 51.474304676466545], [-1.832744278512365, 51.468728087208035], [-1.8280193101676616, 51.46772113038679], [-1.8260298498085774, 51.47112920225885], [-1.8290140403472037, 51.474304676466545]]]}, "type": "Feature", "id": "12843e66cdf3d35af7415544a3e7db6a", "properties": {}}, {"geometry": {"type": "Point", "coordinates": [-1.82851667525199, 51.470741934182456]}, "type": "Feature", "id": "ad7478ced97e024811c2cd2080b4e6fb", "properties": {}}]}, "b76be91e-6f54-11ea-a7e9-c0b8832fa043": ["c8e2e0fc-3b5b-48a7-9e46-a6edd3a065de", "23d4c333-5118-485f-9039-a5c793b4a745", "aa95eba0-1a60-4497-bc0a-e7ab6c626284", "af6173f5-804e-48ac-92c9-b342c35939e6"]}, "provisionaledits": null, "parenttile_id": null, "nodegroup_id": "9bbfdd80-6f54-11ea-bd04-c0b8832fa043", "sortorder": 0, "resourceinstance_id": "c62ee830-6f6e-11ea-9c3d-c0b8832fa043", "tileid": "4e2dbcab-6b10-4ce5-868c-0b46350987a5"}, {"data": {"d9a26a11-6f53-11ea-a50e-c0b8832fa043": true, "95db08f0-6f53-11ea-9d00-c0b8832fa043": null, "aa3b1970-6f53-11ea-955c-c0b8832fa043": "df73cec5-fed5-48b4-afc2-e6842a345ece", "7ca135cf-6f53-11ea-8546-c0b8832fa043": "2012"}, "provisionaledits": null, "parenttile_id": null, "nodegroup_id": "764cfda1-6f52-11ea-a2f6-c0b8832fa043", "sortorder": 0, "resourceinstance_id": "c62ee830-6f6e-11ea-9c3d-c0b8832fa043", "tileid": "a07121c8-fa5d-43cf-a976-515c48592daf"}, {"data": {"3f0d3e6e-6f54-11ea-94b7-c0b8832fa043": ["fc364c40-6f5d-11ea-aee2-c0b8832fa043", "cec7888f-6f63-11ea-bf48-c0b8832fa043"]}, "provisionaledits": null, "parenttile_id": "f8a38f80-3ba7-43d6-a43f-812d8bd55504", "nodegroup_id": "3f0d3e6e-6f54-11ea-94b7-c0b8832fa043", "sortorder": 0, "resourceinstance_id": "c62ee830-6f6e-11ea-9c3d-c0b8832fa043", "tileid": "9676be29-58c5-470c-884b-8b055ab726f4"}, {"data": {"2636fa00-6f52-11ea-933a-c0b8832fa043": null, "40b07911-6f52-11ea-ad1e-c0b8832fa043": "Stinky (Queensford Inky)"}, "provisionaledits": null, "parenttile_id": null, "nodegroup_id": "0cd0dc30-6f51-11ea-83f8-c0b8832fa043", "sortorder": 0, "resourceinstance_id": "c62ee830-6f6e-11ea-9c3d-c0b8832fa043", "tileid": "f8a38f80-3ba7-43d6-a43f-812d8bd55504"}, {"data": {"72938a00-6f50-11ea-b924-c0b8832fa043": "3e317e27-d46d-4ad6-a0c9-8ba210ba6e23"}, "provisionaledits": null, "parenttile_id": null, "nodegroup_id": "72938a00-6f50-11ea-b924-c0b8832fa043", "sortorder": 0, "resourceinstance_id": "c62ee830-6f6e-11ea-9c3d-c0b8832fa043", "tileid": "1073429a-375b-483e-814e-d61453792a4b"}, {"data": {"fb8d1c4f-6f4f-11ea-9f58-c0b8832fa043": ["2e05360b-9eea-49a6-9dbd-e05176e6aa51"]}, "provisionaledits": null, "parenttile_id": null, "nodegroup_id": "fb8d1c4f-6f4f-11ea-9f58-c0b8832fa043", "sortorder": 0, "resourceinstance_id": "c62ee830-6f6e-11ea-9c3d-c0b8832fa043", "tileid": "6710ba67-509f-4cfc-b356-9f3f94a8cc49"}, {"data": {"3cf97dcf-6f4d-11ea-a4c0-c0b8832fa043": "bd83cbc0-6579-494e-85ef-22dc8232f79c"}, "provisionaledits": null, "parenttile_id": null, "nodegroup_id": "3cf97dcf-6f4d-11ea-a4c0-c0b8832fa043", "sortorder": 0, "resourceinstance_id": "c62ee830-6f6e-11ea-9c3d-c0b8832fa043", "tileid": "5fe8f788-753a-4b11-9db1-98b122962091"}, {"data": {"8f49a4e1-6f4b-11ea-b1bb-c0b8832fa043": "No-Neck Nimmers", "f49d20b0-6f4b-11ea-a91e-c0b8832fa043": "426ab861-6f57-4a6d-8f9c-073e75917a09"}, "provisionaledits": null, "parenttile_id": null, "nodegroup_id": "36f5eff0-6f47-11ea-a90e-c0b8832fa043", "sortorder": 2, "resourceinstance_id": "c62ee830-6f6e-11ea-9c3d-c0b8832fa043", "tileid": "f6b56f84-eef3-4497-885a-23b28dc3607b"}, {"data": {"8f49a4e1-6f4b-11ea-b1bb-c0b8832fa043": "Nimmers", "f49d20b0-6f4b-11ea-a91e-c0b8832fa043": "426ab861-6f57-4a6d-8f9c-073e75917a09"}, "provisionaledits": null, "parenttile_id": null, "nodegroup_id": "36f5eff0-6f47-11ea-a90e-c0b8832fa043", "sortorder": 1, "resourceinstance_id": "c62ee830-6f6e-11ea-9c3d-c0b8832fa043", "tileid": "bd83cbc0-6579-494e-85ef-22dc8232f79c"}, {"data": {"8f49a4e1-6f4b-11ea-b1bb-c0b8832fa043": "Nimue", "f49d20b0-6f4b-11ea-a91e-c0b8832fa043": "942eae02-1c12-43e0-893d-33beb0aac624"}, "provisionaledits": null, "parenttile_id": null, "nodegroup_id": "36f5eff0-6f47-11ea-a90e-c0b8832fa043", "sortorder": 0, "resourceinstance_id": "c62ee830-6f6e-11ea-9c3d-c0b8832fa043", "tileid": "f788c6e1-8edc-4c7c-9268-797533077ac3"}, {"data": {"07beb69e-6eb0-11ea-a1ea-c0b8832fa043": 3293280008.0}, "provisionaledits": null, "parenttile_id": null, "nodegroup_id": "07beb69e-6eb0-11ea-a1ea-c0b8832fa043", "sortorder": 0, "resourceinstance_id": "c62ee830-6f6e-11ea-9c3d-c0b8832fa043", "tileid": "12f31c3c-0626-469b-ba10-08785d33496b"}], "resourceinstance": {"graph_id": "4239d541-6eaf-11ea-90f4-c0b8832fa043", "resourceinstanceid": "c62ee830-6f6e-11ea-9c3d-c0b8832fa043", "legacyid": null}}, {"tiles": [{"data": {"16497e80-6f55-11ea-8329-c0b8832fa043": [{"status": "uploaded", "index": 0, "name": "20200226_135040.jpg", "url": "/files/uploadedfiles/20200226_135040.jpg", "lastModified": 1585300653161, "height": 452, "content": "blob:http://localhost:8000/38f56d37-6b41-45db-8c3a-4c5b5d1031c3", "width": 348, "file_id": "017932e1-700c-11ea-b2c0-c0b8832fa043", "accepted": true, "type": "image/jpeg", "size": 82271}]}, "provisionaledits": null, "parenttile_id": null, "nodegroup_id": "16497e80-6f55-11ea-8329-c0b8832fa043", "sortorder": 0, "resourceinstance_id": "fc364c40-6f5d-11ea-aee2-c0b8832fa043", "tileid": "ce28d83f-69fa-44a7-8445-45e313268d0c"}, {"data": {"32ae2bc0-6f55-11ea-b258-c0b8832fa043": "2020-03-26"}, "provisionaledits": null, "parenttile_id": null, "nodegroup_id": "32ae2bc0-6f55-11ea-b258-c0b8832fa043", "sortorder": 0, "resourceinstance_id": "fc364c40-6f5d-11ea-aee2-c0b8832fa043", "tileid": "6579ef12-5f4e-4766-9e01-3bc787c503f4"}, {"data": {"69562ce1-6f55-11ea-b26c-c0b8832fa043": "<p><strong>Gareth</strong>&nbsp;is a <em>Very Good Boy</em>.&nbsp; He&#39;s very sweet natured and grows an impressive fleece.&nbsp; If he&#39;d been kept entire he would have made an excellent breeding ram.</p>\n"}, "provisionaledits": null, "parenttile_id": null, "nodegroup_id": "59c46d4f-6f55-11ea-a789-c0b8832fa043", "sortorder": 0, "resourceinstance_id": "fc364c40-6f5d-11ea-aee2-c0b8832fa043", "tileid": "707a70c8-685d-4838-a2ff-1cc80e082c3a"}, {"data": {"d6442e70-6f54-11ea-b89a-c0b8832fa043": {"type": "FeatureCollection", "features": [{"geometry": {"type": "Polygon", "coordinates": [[[-1.832776506322631, 51.47402699652284], [-1.8255055976122776, 51.472133084472716], [-1.8280614321929818, 51.46848227852314], [-1.8353764070162981, 51.47098022994314], [-1.832776506322631, 51.47402699652284]]]}, "type": "Feature", "id": "af664476f62efa103eb432d7b29ac1d1", "properties": {}}, {"geometry": {"type": "LineString", "coordinates": [[-1.8307935312177506, 51.470376342137115], [-1.8274445066042801, 51.47089788207728], [-1.8270919776930725, 51.47188604666715], [-1.832115514621023, 51.472846741720986]]}, "type": "Feature", "id": "6fede36c33d10d64f7ced1c981459f6b", "properties": {}}, {"geometry": {"type": "Point", "coordinates": [-1.8285461594352057, 51.471611558648135]}, "type": "Feature", "id": "ca627d48de4c73d94ead1b73272250f4", "properties": {}}]}, "b76be91e-6f54-11ea-a7e9-c0b8832fa043": ["c8e2e0fc-3b5b-48a7-9e46-a6edd3a065de", "aa95eba0-1a60-4497-bc0a-e7ab6c626284", "af6173f5-804e-48ac-92c9-b342c35939e6"]}, "provisionaledits": null, "parenttile_id": null, "nodegroup_id": "9bbfdd80-6f54-11ea-bd04-c0b8832fa043", "sortorder": 0, "resourceinstance_id": "fc364c40-6f5d-11ea-aee2-c0b8832fa043", "tileid": "14193a04-5896-4eb0-b7d6-5137b1d284b8"}, {"data": {"d9a26a11-6f53-11ea-a50e-c0b8832fa043": true, "95db08f0-6f53-11ea-9d00-c0b8832fa043": null, "aa3b1970-6f53-11ea-955c-c0b8832fa043": "df73cec5-fed5-48b4-afc2-e6842a345ece", "7ca135cf-6f53-11ea-8546-c0b8832fa043": "2016"}, "provisionaledits": null, "parenttile_id": null, "nodegroup_id": "764cfda1-6f52-11ea-a2f6-c0b8832fa043", "sortorder": 0, "resourceinstance_id": "fc364c40-6f5d-11ea-aee2-c0b8832fa043", "tileid": "f5847126-8f36-4ad5-abe2-ce501f2cac96"}, {"data": {"72938a00-6f50-11ea-b924-c0b8832fa043": "8200911c-7455-4d39-89f3-6cbbee52745f"}, "provisionaledits": null, "parenttile_id": null, "nodegroup_id": "72938a00-6f50-11ea-b924-c0b8832fa043", "sortorder": 0, "resourceinstance_id": "fc364c40-6f5d-11ea-aee2-c0b8832fa043", "tileid": "91576749-8a5c-4591-bbbb-cad8ed003075"}, {"data": {"fb8d1c4f-6f4f-11ea-9f58-c0b8832fa043": ["2e05360b-9eea-49a6-9dbd-e05176e6aa51"]}, "provisionaledits": null, "parenttile_id": null, "nodegroup_id": "fb8d1c4f-6f4f-11ea-9f58-c0b8832fa043", "sortorder": 0, "resourceinstance_id": "fc364c40-6f5d-11ea-aee2-c0b8832fa043", "tileid": "1f2aef54-94b6-4b29-bb64-3b1eae439498"}, {"data": {"3cf97dcf-6f4d-11ea-a4c0-c0b8832fa043": "51e19e33-f796-40d0-b9e6-210685c0c8d3"}, "provisionaledits": null, "parenttile_id": null, "nodegroup_id": "3cf97dcf-6f4d-11ea-a4c0-c0b8832fa043", "sortorder": 0, "resourceinstance_id": "fc364c40-6f5d-11ea-aee2-c0b8832fa043", "tileid": "0cb57d0d-8986-4339-a295-3f8018d22d3e"}, {"data": {"8f49a4e1-6f4b-11ea-b1bb-c0b8832fa043": "Gareth", "f49d20b0-6f4b-11ea-a91e-c0b8832fa043": "942eae02-1c12-43e0-893d-33beb0aac624"}, "provisionaledits": null, "parenttile_id": null, "nodegroup_id": "36f5eff0-6f47-11ea-a90e-c0b8832fa043", "sortorder": 0, "resourceinstance_id": "fc364c40-6f5d-11ea-aee2-c0b8832fa043", "tileid": "51e19e33-f796-40d0-b9e6-210685c0c8d3"}, {"data": {"07beb69e-6eb0-11ea-a1ea-c0b8832fa043": 323280023.0}, "provisionaledits": null, "parenttile_id": null, "nodegroup_id": "07beb69e-6eb0-11ea-a1ea-c0b8832fa043", "sortorder": 0, "resourceinstance_id": "fc364c40-6f5d-11ea-aee2-c0b8832fa043", "tileid": "9b7fe82a-ed82-4bdc-b2aa-9ac35192d88b"}], "resourceinstance": {"graph_id": "4239d541-6eaf-11ea-90f4-c0b8832fa043", "resourceinstanceid": "fc364c40-6f5d-11ea-aee2-c0b8832fa043", "legacyid": null}}, {"tiles": [{"data": {"16497e80-6f55-11ea-8329-c0b8832fa043": [{"status": "uploaded", "index": 0, "name": "20191106_132717.jpg", "url": "/files/uploadedfiles/20191106_132717.jpg", "lastModified": 1585300533159, "height": 330, "content": "blob:http://localhost:8000/3ecf0718-93bc-4804-b995-4f7807b1cffc", "width": 380, "file_id": "134f160f-700c-11ea-8c1c-c0b8832fa043", "accepted": true, "type": "image/jpeg", "size": 90341}]}, "provisionaledits": null, "parenttile_id": null, "nodegroup_id": "16497e80-6f55-11ea-8329-c0b8832fa043", "sortorder": 0, "resourceinstance_id": "e9446e8f-6f59-11ea-88b5-c0b8832fa043", "tileid": "ecabe124-58be-4e16-9f69-4cc61b56864a"}, {"data": {"32ae2bc0-6f55-11ea-b258-c0b8832fa043": "2020-03-26"}, "provisionaledits": null, "parenttile_id": null, "nodegroup_id": "32ae2bc0-6f55-11ea-b258-c0b8832fa043", "sortorder": 0, "resourceinstance_id": "e9446e8f-6f59-11ea-88b5-c0b8832fa043", "tileid": "d381158f-8bea-47fb-92c9-d45c27b09229"}, {"data": {"69562ce1-6f55-11ea-b26c-c0b8832fa043": "<p><strong>Viola</strong> is a solidly build ewe who is not above a headbutt to the kidneys to get your attention.&nbsp; She almost died giving birth to her lambs Pan and Ella.&nbsp; It&#39;s possible she may not see well out of one of her eyes as she shies away if you move your hand too quickly on that side.</p>\n"}, "provisionaledits": null, "parenttile_id": null, "nodegroup_id": "59c46d4f-6f55-11ea-a789-c0b8832fa043", "sortorder": 0, "resourceinstance_id": "e9446e8f-6f59-11ea-88b5-c0b8832fa043", "tileid": "acf986d8-e14d-48d8-80e8-4908fdb2d0f4"}, {"data": {"d6442e70-6f54-11ea-b89a-c0b8832fa043": {"type": "FeatureCollection", "features": [{"geometry": {"type": "Polygon", "coordinates": [[[-1.825698437484391, 51.47231152025128], [-1.8214240244839743, 51.47008814055857], [-1.825345908580914, 51.4675901403003], [-1.83006098271062, 51.47028028876278], [-1.825698437484391, 51.47231152025128]]]}, "type": "Feature", "id": "cff92e9a3f2e732edebf086382649030", "properties": {}}, {"geometry": {"type": "LineString", "coordinates": [[-1.8289152637667314, 51.47019793963358], [-1.8256103052585217, 51.47140571197514], [-1.823098536798426, 51.469868541625516], [-1.8272848175652427, 51.46981364172706], [-1.8280780076133851, 51.46989599154992]]}, "type": "Feature", "id": "95833ab2063d96153cbb400f1f0bc9e4", "properties": {}}, {"geometry": {"type": "Point", "coordinates": [-1.8260950325084195, 51.47028028876278]}, "type": "Feature", "id": "b6e5e5b02a36c6851d7ea1040a15f9b4", "properties": {}}]}, "b76be91e-6f54-11ea-a7e9-c0b8832fa043": ["c8e2e0fc-3b5b-48a7-9e46-a6edd3a065de", "23d4c333-5118-485f-9039-a5c793b4a745", "aa95eba0-1a60-4497-bc0a-e7ab6c626284", "af6173f5-804e-48ac-92c9-b342c35939e6"]}, "provisionaledits": null, "parenttile_id": null, "nodegroup_id": "9bbfdd80-6f54-11ea-bd04-c0b8832fa043", "sortorder": 0, "resourceinstance_id": "e9446e8f-6f59-11ea-88b5-c0b8832fa043", "tileid": "3fe1e38e-b269-4e4c-b5a7-91fd55e5d34a"}, {"data": {"d9a26a11-6f53-11ea-a50e-c0b8832fa043": true, "95db08f0-6f53-11ea-9d00-c0b8832fa043": null, "aa3b1970-6f53-11ea-955c-c0b8832fa043": "df73cec5-fed5-48b4-afc2-e6842a345ece", "7ca135cf-6f53-11ea-8546-c0b8832fa043": "2013"}, "provisionaledits": null, "parenttile_id": null, "nodegroup_id": "764cfda1-6f52-11ea-a2f6-c0b8832fa043", "sortorder": 0, "resourceinstance_id": "e9446e8f-6f59-11ea-88b5-c0b8832fa043", "tileid": "8cae9c50-d6db-4736-9247-19f760e01f8f"}, {"data": {"72938a00-6f50-11ea-b924-c0b8832fa043": "3e317e27-d46d-4ad6-a0c9-8ba210ba6e23"}, "provisionaledits": null, "parenttile_id": null, "nodegroup_id": "72938a00-6f50-11ea-b924-c0b8832fa043", "sortorder": 0, "resourceinstance_id": "e9446e8f-6f59-11ea-88b5-c0b8832fa043", "tileid": "283f6b1d-e33e-432a-80af-76ca31e0e832"}, {"data": {"fb8d1c4f-6f4f-11ea-9f58-c0b8832fa043": ["2e05360b-9eea-49a6-9dbd-e05176e6aa51", "8ee54d91-fdbd-4e46-b840-713fa3ecbcd6"]}, "provisionaledits": null, "parenttile_id": null, "nodegroup_id": "fb8d1c4f-6f4f-11ea-9f58-c0b8832fa043", "sortorder": 0, "resourceinstance_id": "e9446e8f-6f59-11ea-88b5-c0b8832fa043", "tileid": "e3e600d0-af62-441a-a2e0-62f043949294"}, {"data": {"3cf97dcf-6f4d-11ea-a4c0-c0b8832fa043": "99c62bed-52ab-449c-b932-ecccfe22a3df"}, "provisionaledits": null, "parenttile_id": null, "nodegroup_id": "3cf97dcf-6f4d-11ea-a4c0-c0b8832fa043", "sortorder": 0, "resourceinstance_id": "e9446e8f-6f59-11ea-88b5-c0b8832fa043", "tileid": "6456193a-4918-4aed-8810-f784e5913417"}, {"data": {"8f49a4e1-6f4b-11ea-b1bb-c0b8832fa043": "Violent Vi", "f49d20b0-6f4b-11ea-a91e-c0b8832fa043": "426ab861-6f57-4a6d-8f9c-073e75917a09"}, "provisionaledits": null, "parenttile_id": null, "nodegroup_id": "36f5eff0-6f47-11ea-a90e-c0b8832fa043", "sortorder": 2, "resourceinstance_id": "e9446e8f-6f59-11ea-88b5-c0b8832fa043", "tileid": "27185899-912c-49ea-b03b-a3b50ede93e0"}, {"data": {"8f49a4e1-6f4b-11ea-b1bb-c0b8832fa043": "Vi", "f49d20b0-6f4b-11ea-a91e-c0b8832fa043": "426ab861-6f57-4a6d-8f9c-073e75917a09"}, "provisionaledits": null, "parenttile_id": null, "nodegroup_id": "36f5eff0-6f47-11ea-a90e-c0b8832fa043", "sortorder": 1, "resourceinstance_id": "e9446e8f-6f59-11ea-88b5-c0b8832fa043", "tileid": "99c62bed-52ab-449c-b932-ecccfe22a3df"}, {"data": {"8f49a4e1-6f4b-11ea-b1bb-c0b8832fa043": "Viola", "f49d20b0-6f4b-11ea-a91e-c0b8832fa043": "942eae02-1c12-43e0-893d-33beb0aac624"}, "provisionaledits": null, "parenttile_id": null, "nodegroup_id": "36f5eff0-6f47-11ea-a90e-c0b8832fa043", "sortorder": 0, "resourceinstance_id": "e9446e8f-6f59-11ea-88b5-c0b8832fa043", "tileid": "82a6952f-a22f-4e20-8072-ba3ac455ccf1"}, {"data": {"07beb69e-6eb0-11ea-a1ea-c0b8832fa043": 3293280015.0}, "provisionaledits": null, "parenttile_id": null, "nodegroup_id": "07beb69e-6eb0-11ea-a1ea-c0b8832fa043", "sortorder": 0, "resourceinstance_id": "e9446e8f-6f59-11ea-88b5-c0b8832fa043", "tileid": "598b8be2-3d2e-4ad2-951e-8217a10d6d11"}], "resourceinstance": {"graph_id": "4239d541-6eaf-11ea-90f4-c0b8832fa043", "resourceinstanceid": "e9446e8f-6f59-11ea-88b5-c0b8832fa043", "legacyid": null}}, {"tiles": [{"data": {"16497e80-6f55-11ea-8329-c0b8832fa043": [{"status": "uploaded", "index": 0, "name": "20171108_134546.jpg", "url": "/files/uploadedfiles/20171108_134546.jpg", "lastModified": 1585300412290, "height": 464, "content": "blob:http://localhost:8000/13d45d41-f562-4d91-b6b5-9dd6f64fd222", "width": 349, "file_id": "f303b8c0-700b-11ea-8c34-c0b8832fa043", "accepted": true, "type": "image/jpeg", "size": 106461}]}, "provisionaledits": null, "parenttile_id": null, "nodegroup_id": "16497e80-6f55-11ea-8329-c0b8832fa043", "sortorder": 0, "resourceinstance_id": "b5b4cf00-6f6f-11ea-9225-c0b8832fa043", "tileid": "d9036fd4-9245-4217-a094-ea86be50b80f"}, {"data": {"32ae2bc0-6f55-11ea-b258-c0b8832fa043": "2020-03-26"}, "provisionaledits": null, "parenttile_id": null, "nodegroup_id": "32ae2bc0-6f55-11ea-b258-c0b8832fa043", "sortorder": 0, "resourceinstance_id": "b5b4cf00-6f6f-11ea-9225-c0b8832fa043", "tileid": "191a330c-3e03-4887-b1c1-6d742d9c64d5"}, {"data": {"69562ce1-6f55-11ea-b26c-c0b8832fa043": "<p>Betsy was an orphaned lamb from another flock who joined the flock along with Sister, Teatime and Idris (who was thought to be a girl at the time and named Prudence).&nbsp; Betsy has a loud bleet which gave her the nickname &#39;Foghorn Betsy&#39;</p>\n"}, "provisionaledits": null, "parenttile_id": null, "nodegroup_id": "59c46d4f-6f55-11ea-a789-c0b8832fa043", "sortorder": 0, "resourceinstance_id": "b5b4cf00-6f6f-11ea-9225-c0b8832fa043", "tileid": "e4150c5c-9cdf-41b4-98a9-8200ed87cced"}, {"data": {"d6442e70-6f54-11ea-b89a-c0b8832fa043": {"type": "FeatureCollection", "features": [{"geometry": {"type": "Polygon", "coordinates": [[[-1.837768933683634, 51.475165323448266], [-1.8229431890486296, 51.47222705157694], [-1.8288734869002496, 51.4683650350004], [-1.836690697709514, 51.469876297812846], [-1.837768933683634, 51.475165323448266]]]}, "type": "Feature", "id": "c07760ed22d31e46f93535a4975272c6", "properties": {}}, {"geometry": {"type": "Point", "coordinates": [-1.8267170149520382, 51.470631910445576]}, "type": "Feature", "id": "f718c4e127b28d0ee00a4fe32fc642fd", "properties": {}}, {"geometry": {"type": "Point", "coordinates": [-1.8339951077801686, 51.47222705157694]}, "type": "Feature", "id": "59e1d9f95ce54dac7436494069600f7a", "properties": {}}]}, "b76be91e-6f54-11ea-a7e9-c0b8832fa043": ["c8e2e0fc-3b5b-48a7-9e46-a6edd3a065de", "23d4c333-5118-485f-9039-a5c793b4a745", "aa95eba0-1a60-4497-bc0a-e7ab6c626284", "af6173f5-804e-48ac-92c9-b342c35939e6"]}, "provisionaledits": null, "parenttile_id": null, "nodegroup_id": "9bbfdd80-6f54-11ea-bd04-c0b8832fa043", "sortorder": 0, "resourceinstance_id": "b5b4cf00-6f6f-11ea-9225-c0b8832fa043", "tileid": "e893c8a9-6940-429b-8249-a58a1b144217"}, {"data": {"d9a26a11-6f53-11ea-a50e-c0b8832fa043": false, "95db08f0-6f53-11ea-9d00-c0b8832fa043": null, "aa3b1970-6f53-11ea-955c-c0b8832fa043": null, "7ca135cf-6f53-11ea-8546-c0b8832fa043": "2011"}, "provisionaledits": null, "parenttile_id": null, "nodegroup_id": "764cfda1-6f52-11ea-a2f6-c0b8832fa043", "sortorder": 0, "resourceinstance_id": "b5b4cf00-6f6f-11ea-9225-c0b8832fa043", "tileid": "dae93699-d4ee-4e42-99cf-52d107a0185f"}, {"data": {"3f0d3e6e-6f54-11ea-94b7-c0b8832fa043": ["e9446e8f-6f59-11ea-88b5-c0b8832fa043"]}, "provisionaledits": null, "parenttile_id": "93d069cb-e453-4dd2-a4f8-fa9445b512a6", "nodegroup_id": "3f0d3e6e-6f54-11ea-94b7-c0b8832fa043", "sortorder": 0, "resourceinstance_id": "b5b4cf00-6f6f-11ea-9225-c0b8832fa043", "tileid": "725b1405-c279-4f0d-9fd2-40f57f5ae05e"}, {"data": {"2636fa00-6f52-11ea-933a-c0b8832fa043": null, "40b07911-6f52-11ea-ad1e-c0b8832fa043": null}, "provisionaledits": null, "parenttile_id": null, "nodegroup_id": "0cd0dc30-6f51-11ea-83f8-c0b8832fa043", "sortorder": 0, "resourceinstance_id": "b5b4cf00-6f6f-11ea-9225-c0b8832fa043", "tileid": "93d069cb-e453-4dd2-a4f8-fa9445b512a6"}, {"data": {"72938a00-6f50-11ea-b924-c0b8832fa043": "3e317e27-d46d-4ad6-a0c9-8ba210ba6e23"}, "provisionaledits": null, "parenttile_id": null, "nodegroup_id": "72938a00-6f50-11ea-b924-c0b8832fa043", "sortorder": 0, "resourceinstance_id": "b5b4cf00-6f6f-11ea-9225-c0b8832fa043", "tileid": "4c32f1b2-9d3a-40fc-b37c-d70f8b228cf0"}, {"data": {"fb8d1c4f-6f4f-11ea-9f58-c0b8832fa043": ["8ee54d91-fdbd-4e46-b840-713fa3ecbcd6"]}, "provisionaledits": null, "parenttile_id": null, "nodegroup_id": "fb8d1c4f-6f4f-11ea-9f58-c0b8832fa043", "sortorder": 0, "resourceinstance_id": "b5b4cf00-6f6f-11ea-9225-c0b8832fa043", "tileid": "2f4e7c03-6b15-4ad8-b1b2-890564296ce2"}, {"data": {"3cf97dcf-6f4d-11ea-a4c0-c0b8832fa043": "074ad243-63bd-41d8-a74d-eadede794a67"}, "provisionaledits": null, "parenttile_id": null, "nodegroup_id": "3cf97dcf-6f4d-11ea-a4c0-c0b8832fa043", "sortorder": 0, "resourceinstance_id": "b5b4cf00-6f6f-11ea-9225-c0b8832fa043", "tileid": "a648a64d-829c-4551-b296-e1dd6959a97d"}, {"data": {"8f49a4e1-6f4b-11ea-b1bb-c0b8832fa043": "Foghorn Betsy", "f49d20b0-6f4b-11ea-a91e-c0b8832fa043": "426ab861-6f57-4a6d-8f9c-073e75917a09"}, "provisionaledits": null, "parenttile_id": null, "nodegroup_id": "36f5eff0-6f47-11ea-a90e-c0b8832fa043", "sortorder": 2, "resourceinstance_id": "b5b4cf00-6f6f-11ea-9225-c0b8832fa043", "tileid": "66774710-d3c0-4ebd-9604-a22970ea19d6"}, {"data": {"8f49a4e1-6f4b-11ea-b1bb-c0b8832fa043": "Betsy Boodle", "f49d20b0-6f4b-11ea-a91e-c0b8832fa043": "426ab861-6f57-4a6d-8f9c-073e75917a09"}, "provisionaledits": null, "parenttile_id": null, "nodegroup_id": "36f5eff0-6f47-11ea-a90e-c0b8832fa043", "sortorder": 1, "resourceinstance_id": "b5b4cf00-6f6f-11ea-9225-c0b8832fa043", "tileid": "074ad243-63bd-41d8-a74d-eadede794a67"}, {"data": {"8f49a4e1-6f4b-11ea-b1bb-c0b8832fa043": "Betsy", "f49d20b0-6f4b-11ea-a91e-c0b8832fa043": "942eae02-1c12-43e0-893d-33beb0aac624"}, "provisionaledits": null, "parenttile_id": null, "nodegroup_id": "36f5eff0-6f47-11ea-a90e-c0b8832fa043", "sortorder": 0, "resourceinstance_id": "b5b4cf00-6f6f-11ea-9225-c0b8832fa043", "tileid": "17e43376-90f2-4709-bc33-0ba3b3eed29b"}, {"data": {"07beb69e-6eb0-11ea-a1ea-c0b8832fa043": 2862020048.0}, "provisionaledits": null, "parenttile_id": null, "nodegroup_id": "07beb69e-6eb0-11ea-a1ea-c0b8832fa043", "sortorder": 0, "resourceinstance_id": "b5b4cf00-6f6f-11ea-9225-c0b8832fa043", "tileid": "bf318f4b-1bc8-4707-8dd9-16fd75a1af18"}], "resourceinstance": {"graph_id": "4239d541-6eaf-11ea-90f4-c0b8832fa043", "resourceinstanceid": "b5b4cf00-6f6f-11ea-9225-c0b8832fa043", "legacyid": null}}, {"tiles": [{"data": {"32ae2bc0-6f55-11ea-b258-c0b8832fa043": "2020-03-26"}, "provisionaledits": null, "parenttile_id": null, "nodegroup_id": "32ae2bc0-6f55-11ea-b258-c0b8832fa043", "sortorder": 0, "resourceinstance_id": "cec7888f-6f63-11ea-bf48-c0b8832fa043", "tileid": "01fd1db2-663b-4f17-8bf6-7a7bcf1ccee2"}, {"data": {"69562ce1-6f55-11ea-b26c-c0b8832fa043": "<p><strong>Tristan</strong>&nbsp;is a well built ram with a lustrous fleece.&nbsp; He&#39;s very friendly and has a beauty spot on his nose.</p>\n"}, "provisionaledits": null, "parenttile_id": null, "nodegroup_id": "59c46d4f-6f55-11ea-a789-c0b8832fa043", "sortorder": 0, "resourceinstance_id": "cec7888f-6f63-11ea-bf48-c0b8832fa043", "tileid": "8d75c8aa-6f03-4f1a-beb3-c7f1b3d0c223"}, {"data": {"d6442e70-6f54-11ea-b89a-c0b8832fa043": {"type": "FeatureCollection", "features": [{"geometry": {"type": "Polygon", "coordinates": [[[-1.8333914530153947, 51.47481793040447], [-1.837669318871832, 51.46979315800189], [-1.830274722176199, 51.46777548002572], [-1.8231245749556706, 51.47169654599642], [-1.8333914530153947, 51.47481793040447]]]}, "type": "Feature", "id": "26311fe61fa72aa35441f93e474d2470", "properties": {}}]}, "b76be91e-6f54-11ea-a7e9-c0b8832fa043": ["c8e2e0fc-3b5b-48a7-9e46-a6edd3a065de", "aa95eba0-1a60-4497-bc0a-e7ab6c626284", "af6173f5-804e-48ac-92c9-b342c35939e6"]}, "provisionaledits": null, "parenttile_id": null, "nodegroup_id": "9bbfdd80-6f54-11ea-bd04-c0b8832fa043", "sortorder": 0, "resourceinstance_id": "cec7888f-6f63-11ea-bf48-c0b8832fa043", "tileid": "f86d51ce-35d0-47c4-8bcf-5d3a30b58023"}, {"data": {"d6442e70-6f54-11ea-b89a-c0b8832fa043": {"type": "FeatureCollection", "features": [{"geometry": {"type": "Polygon", "coordinates": [[[-1.8333914530153947, 51.47481793040447], [-1.837669318871832, 51.46979315800189], [-1.830274722176199, 51.46777548002572], [-1.8231245749556706, 51.47169654599642], [-1.8333914530153947, 51.47481793040447]]]}, "type": "Feature", "id": "26311fe61fa72aa35441f93e474d2470", "properties": {}}]}, "b76be91e-6f54-11ea-a7e9-c0b8832fa043": null}, "provisionaledits": null, "parenttile_id": null, "nodegroup_id": "9bbfdd80-6f54-11ea-bd04-c0b8832fa043", "sortorder": 0, "resourceinstance_id": "cec7888f-6f63-11ea-bf48-c0b8832fa043", "tileid": "6d1eaeb2-ff87-4a40-81e5-aa3af9afbeca"}, {"data": {"d6442e70-6f54-11ea-b89a-c0b8832fa043": null, "b76be91e-6f54-11ea-a7e9-c0b8832fa043": ["c8e2e0fc-3b5b-48a7-9e46-a6edd3a065de", "aa95eba0-1a60-4497-bc0a-e7ab6c626284", "af6173f5-804e-48ac-92c9-b342c35939e6"]}, "provisionaledits": null, "parenttile_id": null, "nodegroup_id": "9bbfdd80-6f54-11ea-bd04-c0b8832fa043", "sortorder": 0, "resourceinstance_id": "cec7888f-6f63-11ea-bf48-c0b8832fa043", "tileid": "108eebba-7a22-4996-bd0e-922a58171a14"}, {"data": {"d9a26a11-6f53-11ea-a50e-c0b8832fa043": true, "95db08f0-6f53-11ea-9d00-c0b8832fa043": null, "aa3b1970-6f53-11ea-955c-c0b8832fa043": "df73cec5-fed5-48b4-afc2-e6842a345ece", "7ca135cf-6f53-11ea-8546-c0b8832fa043": "2016"}, "provisionaledits": null, "parenttile_id": null, "nodegroup_id": "764cfda1-6f52-11ea-a2f6-c0b8832fa043", "sortorder": 0, "resourceinstance_id": "cec7888f-6f63-11ea-bf48-c0b8832fa043", "tileid": "af0ad55b-4db1-456b-bcff-d43abea63ae7"}, {"data": {"72938a00-6f50-11ea-b924-c0b8832fa043": "8200911c-7455-4d39-89f3-6cbbee52745f"}, "provisionaledits": null, "parenttile_id": null, "nodegroup_id": "72938a00-6f50-11ea-b924-c0b8832fa043", "sortorder": 0, "resourceinstance_id": "cec7888f-6f63-11ea-bf48-c0b8832fa043", "tileid": "e5a19efa-cc13-4830-a49a-934092219a40"}, {"data": {"fb8d1c4f-6f4f-11ea-9f58-c0b8832fa043": ["2e05360b-9eea-49a6-9dbd-e05176e6aa51"]}, "provisionaledits": null, "parenttile_id": null, "nodegroup_id": "fb8d1c4f-6f4f-11ea-9f58-c0b8832fa043", "sortorder": 0, "resourceinstance_id": "cec7888f-6f63-11ea-bf48-c0b8832fa043", "tileid": "f7fa89a2-6561-4d4c-90ec-0ff303efd289"}, {"data": {"3cf97dcf-6f4d-11ea-a4c0-c0b8832fa043": "be02c075-a7e6-49d9-a9df-0b4172b19c0c"}, "provisionaledits": null, "parenttile_id": null, "nodegroup_id": "3cf97dcf-6f4d-11ea-a4c0-c0b8832fa043", "sortorder": 0, "resourceinstance_id": "cec7888f-6f63-11ea-bf48-c0b8832fa043", "tileid": "3c5c473c-bae8-49e4-a2f2-671cc6df0304"}, {"data": {"8f49a4e1-6f4b-11ea-b1bb-c0b8832fa043": "Twizzy Woo", "f49d20b0-6f4b-11ea-a91e-c0b8832fa043": "426ab861-6f57-4a6d-8f9c-073e75917a09"}, "provisionaledits": null, "parenttile_id": null, "nodegroup_id": "36f5eff0-6f47-11ea-a90e-c0b8832fa043", "sortorder": 2, "resourceinstance_id": "cec7888f-6f63-11ea-bf48-c0b8832fa043", "tileid": "6dfa7311-87f7-4ef6-adc8-93ffe6953d81"}, {"data": {"8f49a4e1-6f4b-11ea-b1bb-c0b8832fa043": "Twizzy", "f49d20b0-6f4b-11ea-a91e-c0b8832fa043": "426ab861-6f57-4a6d-8f9c-073e75917a09"}, "provisionaledits": null, "parenttile_id": null, "nodegroup_id": "36f5eff0-6f47-11ea-a90e-c0b8832fa043", "sortorder": 1, "resourceinstance_id": "cec7888f-6f63-11ea-bf48-c0b8832fa043", "tileid": "be02c075-a7e6-49d9-a9df-0b4172b19c0c"}, {"data": {"8f49a4e1-6f4b-11ea-b1bb-c0b8832fa043": "Tristan", "f49d20b0-6f4b-11ea-a91e-c0b8832fa043": "942eae02-1c12-43e0-893d-33beb0aac624"}, "provisionaledits": null, "parenttile_id": null, "nodegroup_id": "36f5eff0-6f47-11ea-a90e-c0b8832fa043", "sortorder": 0, "resourceinstance_id": "cec7888f-6f63-11ea-bf48-c0b8832fa043", "tileid": "9a15c037-7f9c-45e4-8e1b-94e84bf1d3c9"}, {"data": {"07beb69e-6eb0-11ea-a1ea-c0b8832fa043": 3293280024.0}, "provisionaledits": null, "parenttile_id": null, "nodegroup_id": "07beb69e-6eb0-11ea-a1ea-c0b8832fa043", "sortorder": 0, "resourceinstance_id": "cec7888f-6f63-11ea-bf48-c0b8832fa043", "tileid": "0a018a9c-9d87-435c-93a7-5a98520f43c5"}], "resourceinstance": {"graph_id": "4239d541-6eaf-11ea-90f4-c0b8832fa043", "resourceinstanceid": "cec7888f-6f63-11ea-bf48-c0b8832fa043", "legacyid": null}}, {"tiles": [{"data": {"32ae2bc0-6f55-11ea-b258-c0b8832fa043": "2020-03-27"}, "provisionaledits": null, "parenttile_id": null, "nodegroup_id": "32ae2bc0-6f55-11ea-b258-c0b8832fa043", "sortorder": 0, "resourceinstance_id": "24c48df0-7005-11ea-a3d1-c0b8832fa043", "tileid": "8e807a5d-a8fd-4c1c-b7a2-44b954f22315"}, {"data": {"69562ce1-6f55-11ea-b26c-c0b8832fa043": "<p>Clarrie was bottle reared at Lower Shaw Farm before joining the flock.</p>\n"}, "provisionaledits": null, "parenttile_id": null, "nodegroup_id": "59c46d4f-6f55-11ea-a789-c0b8832fa043", "sortorder": 0, "resourceinstance_id": "24c48df0-7005-11ea-a3d1-c0b8832fa043", "tileid": "cf06d8b4-2112-44fe-bede-24140cce3a48"}, {"data": {"d6442e70-6f54-11ea-b89a-c0b8832fa043": {"type": "FeatureCollection", "features": [{"geometry": {"type": "Polygon", "coordinates": [[[-1.8763697177209906, 51.52808894557259], [-1.8756552616586362, 51.52691104459757], [-1.8776557386233037, 51.52688881975817], [-1.8782630262719806, 51.52795559982334], [-1.8763697177209906, 51.52808894557259]]]}, "type": "Feature", "id": "5b917e06bcee7508f3548f5cb02c5737", "properties": {}}]}, "b76be91e-6f54-11ea-a7e9-c0b8832fa043": ["c8e2e0fc-3b5b-48a7-9e46-a6edd3a065de"]}, "provisionaledits": null, "parenttile_id": null, "nodegroup_id": "9bbfdd80-6f54-11ea-bd04-c0b8832fa043", "sortorder": 0, "resourceinstance_id": "24c48df0-7005-11ea-a3d1-c0b8832fa043", "tileid": "3b36d523-15cc-4ea0-9868-dcf5bac24eab"}, {"data": {"d6442e70-6f54-11ea-b89a-c0b8832fa043": null, "b76be91e-6f54-11ea-a7e9-c0b8832fa043": ["c8e2e0fc-3b5b-48a7-9e46-a6edd3a065de"]}, "provisionaledits": null, "parenttile_id": null, "nodegroup_id": "9bbfdd80-6f54-11ea-bd04-c0b8832fa043", "sortorder": 0, "resourceinstance_id": "24c48df0-7005-11ea-a3d1-c0b8832fa043", "tileid": "11dfd652-faae-4b03-88c8-b41b8c721224"}, {"data": {"d9a26a11-6f53-11ea-a50e-c0b8832fa043": false, "95db08f0-6f53-11ea-9d00-c0b8832fa043": "2012", "aa3b1970-6f53-11ea-955c-c0b8832fa043": null, "7ca135cf-6f53-11ea-8546-c0b8832fa043": null}, "provisionaledits": null, "parenttile_id": null, "nodegroup_id": "764cfda1-6f52-11ea-a2f6-c0b8832fa043", "sortorder": 0, "resourceinstance_id": "24c48df0-7005-11ea-a3d1-c0b8832fa043", "tileid": "10411454-820f-4768-8bcc-21ddc34bae67"}, {"data": {"72938a00-6f50-11ea-b924-c0b8832fa043": "3e317e27-d46d-4ad6-a0c9-8ba210ba6e23"}, "provisionaledits": null, "parenttile_id": null, "nodegroup_id": "72938a00-6f50-11ea-b924-c0b8832fa043", "sortorder": 0, "resourceinstance_id": "24c48df0-7005-11ea-a3d1-c0b8832fa043", "tileid": "6e7f3126-e87a-440a-b300-2d99e122ef98"}, {"data": {"fb8d1c4f-6f4f-11ea-9f58-c0b8832fa043": ["bbbd56e1-a6a2-4868-b1e3-1255bac7ac40"]}, "provisionaledits": null, "parenttile_id": null, "nodegroup_id": "fb8d1c4f-6f4f-11ea-9f58-c0b8832fa043", "sortorder": 0, "resourceinstance_id": "24c48df0-7005-11ea-a3d1-c0b8832fa043", "tileid": "e8b8360e-c690-4312-bcd8-3b67e00c7b80"}, {"data": {"3cf97dcf-6f4d-11ea-a4c0-c0b8832fa043": "5102979a-780b-414e-ab7a-92a450a2d5b7"}, "provisionaledits": null, "parenttile_id": null, "nodegroup_id": "3cf97dcf-6f4d-11ea-a4c0-c0b8832fa043", "sortorder": 0, "resourceinstance_id": "24c48df0-7005-11ea-a3d1-c0b8832fa043", "tileid": "172aef05-5462-44df-b1d0-30fbaa345174"}, {"data": {"8f49a4e1-6f4b-11ea-b1bb-c0b8832fa043": "Clarrie", "f49d20b0-6f4b-11ea-a91e-c0b8832fa043": "942eae02-1c12-43e0-893d-33beb0aac624"}, "provisionaledits": null, "parenttile_id": null, "nodegroup_id": "36f5eff0-6f47-11ea-a90e-c0b8832fa043", "sortorder": 0, "resourceinstance_id": "24c48df0-7005-11ea-a3d1-c0b8832fa043", "tileid": "5102979a-780b-414e-ab7a-92a450a2d5b7"}], "resourceinstance": {"graph_id": "4239d541-6eaf-11ea-90f4-c0b8832fa043", "resourceinstanceid": "24c48df0-7005-11ea-a3d1-c0b8832fa043", "legacyid": null}}, {"tiles": [{"data": {"16497e80-6f55-11ea-8329-c0b8832fa043": [{"status": "uploaded", "index": 0, "name": "20180828_184234.jpg", "url": "/files/uploadedfiles/20180828_184234.jpg", "lastModified": 1585300472588, "height": 349, "content": "blob:http://localhost:8000/038b61e5-b017-4f1e-8cd4-331fe445ba48", "width": 397, "file_id": "461cea40-700c-11ea-880c-c0b8832fa043", "accepted": true, "type": "image/jpeg", "size": 83297}]}, "provisionaledits": null, "parenttile_id": null, "nodegroup_id": "16497e80-6f55-11ea-8329-c0b8832fa043", "sortorder": 0, "resourceinstance_id": "d6ab2830-7005-11ea-b720-c0b8832fa043", "tileid": "ca51bcf8-449b-4c6a-b739-0a9084c3a20c"}, {"data": {"32ae2bc0-6f55-11ea-b258-c0b8832fa043": "2020-03-27"}, "provisionaledits": null, "parenttile_id": null, "nodegroup_id": "32ae2bc0-6f55-11ea-b258-c0b8832fa043", "sortorder": 0, "resourceinstance_id": "d6ab2830-7005-11ea-b720-c0b8832fa043", "tileid": "445e4b53-0232-4385-8848-fb36daf28930"}, {"data": {"69562ce1-6f55-11ea-b26c-c0b8832fa043": "<p>Dash was so named because his front legs were kicking before his back legs had been born.&nbsp; Despite that high energy start to life, he&#39;s a very calm, steady and kind sheep.&nbsp; If any other flock members are being less than helpful they are told to &quot;be more Dash&quot;.</p>\n"}, "provisionaledits": null, "parenttile_id": null, "nodegroup_id": "59c46d4f-6f55-11ea-a789-c0b8832fa043", "sortorder": 0, "resourceinstance_id": "d6ab2830-7005-11ea-b720-c0b8832fa043", "tileid": "1d3a2647-46ee-4218-8eab-213d6bcf2223"}, {"data": {"d6442e70-6f54-11ea-b89a-c0b8832fa043": {"type": "FeatureCollection", "features": [{"geometry": {"type": "Polygon", "coordinates": [[[-1.8285716435854056, 51.47202399663473], [-1.8241385702908985, 51.47118154410896], [-1.8277451383915206, 51.46799880527948], [-1.832478759024383, 51.470105054351734], [-1.8285716435854056, 51.47202399663473]]]}, "type": "Feature", "id": "dbd4c1dba48de881156325d86312e6b5", "properties": {}}, {"geometry": {"type": "LineString", "coordinates": [[-1.829623559269919, 51.46968381231588], [-1.8289473277584136, 51.47085391948002], [-1.8273694542185126, 51.47108793731337], [-1.8257915806654523, 51.47085391948002]]}, "type": "Feature", "id": "669ab8288eefb001fd631fe25827f460", "properties": {}}, {"geometry": {"type": "Point", "coordinates": [-1.8275948647223288, 51.47047948845238]}, "type": "Feature", "id": "1ffbe851fcc0d9b7b9d8870759336983", "properties": {}}]}, "b76be91e-6f54-11ea-a7e9-c0b8832fa043": ["c8e2e0fc-3b5b-48a7-9e46-a6edd3a065de", "23d4c333-5118-485f-9039-a5c793b4a745", "aa95eba0-1a60-4497-bc0a-e7ab6c626284", "af6173f5-804e-48ac-92c9-b342c35939e6"]}, "provisionaledits": null, "parenttile_id": null, "nodegroup_id": "9bbfdd80-6f54-11ea-bd04-c0b8832fa043", "sortorder": 0, "resourceinstance_id": "d6ab2830-7005-11ea-b720-c0b8832fa043", "tileid": "5639ca0e-9f9a-4b6c-8e07-6e1c00fa433c"}, {"data": {"d9a26a11-6f53-11ea-a50e-c0b8832fa043": true, "95db08f0-6f53-11ea-9d00-c0b8832fa043": null, "aa3b1970-6f53-11ea-955c-c0b8832fa043": "df73cec5-fed5-48b4-afc2-e6842a345ece", "7ca135cf-6f53-11ea-8546-c0b8832fa043": "2009"}, "provisionaledits": null, "parenttile_id": null, "nodegroup_id": "764cfda1-6f52-11ea-a2f6-c0b8832fa043", "sortorder": 0, "resourceinstance_id": "d6ab2830-7005-11ea-b720-c0b8832fa043", "tileid": "18470e38-748b-450b-8262-208678444d64"}, {"data": {"2636fa00-6f52-11ea-933a-c0b8832fa043": "24c48df0-7005-11ea-a3d1-c0b8832fa043", "40b07911-6f52-11ea-ad1e-c0b8832fa043": "Bob"}, "provisionaledits": null, "parenttile_id": null, "nodegroup_id": "0cd0dc30-6f51-11ea-83f8-c0b8832fa043", "sortorder": 0, "resourceinstance_id": "d6ab2830-7005-11ea-b720-c0b8832fa043", "tileid": "decb34fa-dafe-47bb-ad79-316d2b857f42"}, {"data": {"72938a00-6f50-11ea-b924-c0b8832fa043": "8200911c-7455-4d39-89f3-6cbbee52745f"}, "provisionaledits": null, "parenttile_id": null, "nodegroup_id": "72938a00-6f50-11ea-b924-c0b8832fa043", "sortorder": 0, "resourceinstance_id": "d6ab2830-7005-11ea-b720-c0b8832fa043", "tileid": "2e1824d8-64d5-480d-bdea-1338dc008c74"}, {"data": {"3cf97dcf-6f4d-11ea-a4c0-c0b8832fa043": "23b46df3-3e1c-4196-b38c-2a15dadf914e"}, "provisionaledits": null, "parenttile_id": null, "nodegroup_id": "3cf97dcf-6f4d-11ea-a4c0-c0b8832fa043", "sortorder": 0, "resourceinstance_id": "d6ab2830-7005-11ea-b720-c0b8832fa043", "tileid": "fbe0d240-2ad7-4329-b756-60c5bff30cfc"}, {"data": {"fb8d1c4f-6f4f-11ea-9f58-c0b8832fa043": ["bbbd56e1-a6a2-4868-b1e3-1255bac7ac40", "2e05360b-9eea-49a6-9dbd-e05176e6aa51"]}, "provisionaledits": null, "parenttile_id": null, "nodegroup_id": "fb8d1c4f-6f4f-11ea-9f58-c0b8832fa043", "sortorder": 0, "resourceinstance_id": "d6ab2830-7005-11ea-b720-c0b8832fa043", "tileid": "8fac35e2-4100-4e3a-8bac-5ba76b280e6d"}, {"data": {"8f49a4e1-6f4b-11ea-b1bb-c0b8832fa043": "Dashkins", "f49d20b0-6f4b-11ea-a91e-c0b8832fa043": "426ab861-6f57-4a6d-8f9c-073e75917a09"}, "provisionaledits": null, "parenttile_id": null, "nodegroup_id": "36f5eff0-6f47-11ea-a90e-c0b8832fa043", "sortorder": 1, "resourceinstance_id": "d6ab2830-7005-11ea-b720-c0b8832fa043", "tileid": "a5f308e6-ec57-480d-a7d4-ccb4f668f782"}, {"data": {"8f49a4e1-6f4b-11ea-b1bb-c0b8832fa043": "Dash", "f49d20b0-6f4b-11ea-a91e-c0b8832fa043": "942eae02-1c12-43e0-893d-33beb0aac624"}, "provisionaledits": null, "parenttile_id": null, "nodegroup_id": "36f5eff0-6f47-11ea-a90e-c0b8832fa043", "sortorder": 0, "resourceinstance_id": "d6ab2830-7005-11ea-b720-c0b8832fa043", "tileid": "23b46df3-3e1c-4196-b38c-2a15dadf914e"}, {"data": {"07beb69e-6eb0-11ea-a1ea-c0b8832fa043": 3293280013.0}, "provisionaledits": null, "parenttile_id": null, "nodegroup_id": "07beb69e-6eb0-11ea-a1ea-c0b8832fa043", "sortorder": 0, "resourceinstance_id": "d6ab2830-7005-11ea-b720-c0b8832fa043", "tileid": "71a42a16-7f12-466a-b364-abb00048e75a"}], "resourceinstance": {"graph_id": "4239d541-6eaf-11ea-90f4-c0b8832fa043", "resourceinstanceid": "d6ab2830-7005-11ea-b720-c0b8832fa043", "legacyid": null}}, {"tiles": [{"data": {"16497e80-6f55-11ea-8329-c0b8832fa043": [{"status": "uploaded", "index": 0, "name": "20191218_133711.jpg", "url": "/files/uploadedfiles/20191218_133711.jpg", "lastModified": 1585300610507, "height": 348, "content": "blob:http://localhost:8000/a590c18f-bdb2-4ce6-9e4c-5c7c662763dd", "width": 398, "file_id": "21fd054f-700c-11ea-bca4-c0b8832fa043", "accepted": true, "type": "image/jpeg", "size": 93436}]}, "provisionaledits": null, "parenttile_id": null, "nodegroup_id": "16497e80-6f55-11ea-8329-c0b8832fa043", "sortorder": 0, "resourceinstance_id": "8ee82b80-6f6d-11ea-ada9-c0b8832fa043", "tileid": "9408c534-0f02-44bf-bb1f-234123e6d0b5"}, {"data": {"32ae2bc0-6f55-11ea-b258-c0b8832fa043": "2020-03-26"}, "provisionaledits": null, "parenttile_id": null, "nodegroup_id": "32ae2bc0-6f55-11ea-b258-c0b8832fa043", "sortorder": 0, "resourceinstance_id": "8ee82b80-6f6d-11ea-ada9-c0b8832fa043", "tileid": "3b4da6b2-3976-4981-9ed0-87e8954211b1"}, {"data": {"69562ce1-6f55-11ea-b26c-c0b8832fa043": "<p><strong>Merlin</strong>&nbsp;is a wether with a good fleece.&nbsp; He injured his ear as a youngster and, as such, that ear hangs downward and does not move with the same range of movement as the other.</p>\n"}, "provisionaledits": null, "parenttile_id": null, "nodegroup_id": "59c46d4f-6f55-11ea-a789-c0b8832fa043", "sortorder": 0, "resourceinstance_id": "8ee82b80-6f6d-11ea-ada9-c0b8832fa043", "tileid": "9c3c42af-35ed-47c1-abd9-6da0e33793d9"}, {"data": {"d6442e70-6f54-11ea-b89a-c0b8832fa043": {"type": "FeatureCollection", "features": [{"geometry": {"type": "LineString", "coordinates": [[-1.8318852928819922, 51.47387910827035], [-1.8261347507000778, 51.473039604912714], [-1.8279317951304392, 51.46940157850773], [-1.8353895295298344, 51.46917769048645], [-1.8336823373202549, 51.471080703667866], [-1.8316157362198169, 51.470800853764445], [-1.829818691789427, 51.47208814909905], [-1.8321548495520688, 51.47259186347199]]}, "type": "Feature", "id": "96ca095357f940622e6c40ecc8869f43", "properties": {}}, {"geometry": {"type": "Point", "coordinates": [-1.8290100217949714, 51.471080703667866]}, "type": "Feature", "id": "d0e3d4f9fbce4df56c66ec722b8bc272", "properties": {}}]}, "b76be91e-6f54-11ea-a7e9-c0b8832fa043": ["c8e2e0fc-3b5b-48a7-9e46-a6edd3a065de", "aa95eba0-1a60-4497-bc0a-e7ab6c626284", "af6173f5-804e-48ac-92c9-b342c35939e6"]}, "provisionaledits": null, "parenttile_id": null, "nodegroup_id": "9bbfdd80-6f54-11ea-bd04-c0b8832fa043", "sortorder": 0, "resourceinstance_id": "8ee82b80-6f6d-11ea-ada9-c0b8832fa043", "tileid": "1d89eeff-f4b5-4829-90f6-053e0b13a989"}, {"data": {"d9a26a11-6f53-11ea-a50e-c0b8832fa043": true, "95db08f0-6f53-11ea-9d00-c0b8832fa043": null, "aa3b1970-6f53-11ea-955c-c0b8832fa043": "df73cec5-fed5-48b4-afc2-e6842a345ece", "7ca135cf-6f53-11ea-8546-c0b8832fa043": "2016"}, "provisionaledits": null, "parenttile_id": null, "nodegroup_id": "764cfda1-6f52-11ea-a2f6-c0b8832fa043", "sortorder": 0, "resourceinstance_id": "8ee82b80-6f6d-11ea-ada9-c0b8832fa043", "tileid": "b1d08619-0fe8-4297-969c-d34e1022afe2"}, {"data": {"74b0a0cf-6f54-11ea-be33-c0b8832fa043": ["7b63eb21-6f64-11ea-91b0-c0b8832fa043"]}, "provisionaledits": null, "parenttile_id": "8538c5fb-ab65-4686-9fa3-5a2534c93f11", "nodegroup_id": "74b0a0cf-6f54-11ea-be33-c0b8832fa043", "sortorder": 0, "resourceinstance_id": "8ee82b80-6f6d-11ea-ada9-c0b8832fa043", "tileid": "c252b92d-9e19-44d1-b39b-9cfecc763ee7"}, {"data": {"2636fa00-6f52-11ea-933a-c0b8832fa043": "ddddb3b0-6f5c-11ea-857e-c0b8832fa043", "40b07911-6f52-11ea-ad1e-c0b8832fa043": "Owen (Owen Glendower)"}, "provisionaledits": null, "parenttile_id": null, "nodegroup_id": "0cd0dc30-6f51-11ea-83f8-c0b8832fa043", "sortorder": 0, "resourceinstance_id": "8ee82b80-6f6d-11ea-ada9-c0b8832fa043", "tileid": "8538c5fb-ab65-4686-9fa3-5a2534c93f11"}, {"data": {"72938a00-6f50-11ea-b924-c0b8832fa043": "8200911c-7455-4d39-89f3-6cbbee52745f"}, "provisionaledits": null, "parenttile_id": null, "nodegroup_id": "72938a00-6f50-11ea-b924-c0b8832fa043", "sortorder": 0, "resourceinstance_id": "8ee82b80-6f6d-11ea-ada9-c0b8832fa043", "tileid": "b3511319-6789-4d12-838d-79c376b2bc2e"}, {"data": {"fb8d1c4f-6f4f-11ea-9f58-c0b8832fa043": ["2e05360b-9eea-49a6-9dbd-e05176e6aa51"]}, "provisionaledits": null, "parenttile_id": null, "nodegroup_id": "fb8d1c4f-6f4f-11ea-9f58-c0b8832fa043", "sortorder": 0, "resourceinstance_id": "8ee82b80-6f6d-11ea-ada9-c0b8832fa043", "tileid": "5f363a61-5703-4f76-99fe-202220813da3"}, {"data": {"3cf97dcf-6f4d-11ea-a4c0-c0b8832fa043": "612fa42d-e853-4788-8acf-2eee18cdc41a"}, "provisionaledits": null, "parenttile_id": null, "nodegroup_id": "3cf97dcf-6f4d-11ea-a4c0-c0b8832fa043", "sortorder": 0, "resourceinstance_id": "8ee82b80-6f6d-11ea-ada9-c0b8832fa043", "tileid": "c0f2bece-3a1a-4282-a020-83325e904d1a"}, {"data": {"8f49a4e1-6f4b-11ea-b1bb-c0b8832fa043": "Mr Wonky", "f49d20b0-6f4b-11ea-a91e-c0b8832fa043": "426ab861-6f57-4a6d-8f9c-073e75917a09"}, "provisionaledits": null, "parenttile_id": null, "nodegroup_id": "36f5eff0-6f47-11ea-a90e-c0b8832fa043", "sortorder": 1, "resourceinstance_id": "8ee82b80-6f6d-11ea-ada9-c0b8832fa043", "tileid": "4e381c76-34a3-4891-a758-0dac3d00eb5b"}, {"data": {"8f49a4e1-6f4b-11ea-b1bb-c0b8832fa043": "Merlin", "f49d20b0-6f4b-11ea-a91e-c0b8832fa043": "942eae02-1c12-43e0-893d-33beb0aac624"}, "provisionaledits": null, "parenttile_id": null, "nodegroup_id": "36f5eff0-6f47-11ea-a90e-c0b8832fa043", "sortorder": 0, "resourceinstance_id": "8ee82b80-6f6d-11ea-ada9-c0b8832fa043", "tileid": "612fa42d-e853-4788-8acf-2eee18cdc41a"}, {"data": {"07beb69e-6eb0-11ea-a1ea-c0b8832fa043": 3293280028.0}, "provisionaledits": null, "parenttile_id": null, "nodegroup_id": "07beb69e-6eb0-11ea-a1ea-c0b8832fa043", "sortorder": 0, "resourceinstance_id": "8ee82b80-6f6d-11ea-ada9-c0b8832fa043", "tileid": "71ebe051-a0a2-4b18-96b8-65305ee5f3b8"}], "resourceinstance": {"graph_id": "4239d541-6eaf-11ea-90f4-c0b8832fa043", "resourceinstanceid": "8ee82b80-6f6d-11ea-ada9-c0b8832fa043", "legacyid": null}}]}}