<?xml version="1.0" encoding="utf-8"?>
<rdf:RDF
  xmlns:skos="http://www.w3.org/2004/02/skos/core#"
  xmlns:dcterms="http://purl.org/dc/terms/"
  xmlns:rdf="http://www.w3.org/1999/02/22-rdf-syntax-ns#"
>
  <skos:Concept rdf:about="http://sheepproject:80009232cd48-866a-487f-8e5e-e501db8b88c5">
    <skos:prefLabel xml:lang="en">{"id": "344b901d-c7a5-4a31-a87c-375a339012b5", "value": "Official Name"}</skos:prefLabel>
    <dcterms:identifier xml:lang="en">{"id": "29ce2da0-7100-4802-b8af-04cd94390877", "value": "http://localhost:8000/9232cd48-866a-487f-8e5e-e501db8b88c5"}</dcterms:identifier>
    <skos:inScheme>
      <skos:ConceptScheme rdf:about="http://sheepproject:8000582f3d15-0f1d-45e1-8eb1-4243d4aa3ec7">
        <skos:hasTopConcept rdf:resource="http://sheepproject:80009232cd48-866a-487f-8e5e-e501db8b88c5"/>
        <dcterms:title xml:lang="en">{"id": "2ec83e97-70d3-4791-8587-128ea5ff21d3", "value": "Sheep Name Type"}</dcterms:title>
        <dcterms:identifier xml:lang="en">{"id": "af509cf4-b4ec-461e-aab0-c5f3abdc73ff", "value": "http://localhost:8000/582f3d15-0f1d-45e1-8eb1-4243d4aa3ec7"}</dcterms:identifier>
        <skos:hasTopConcept rdf:resource="http://sheepproject:8000adc09457-1f06-4361-898f-13843cf0697a"/>
      </skos:ConceptScheme>
    </skos:inScheme>
  </skos:Concept>
  <skos:Concept rdf:about="http://sheepproject:8000adc09457-1f06-4361-898f-13843cf0697a">
    <skos:prefLabel xml:lang="en">{"id": "a14f130b-6cc6-4521-b684-8ed9dd5b3086", "value": "Nickname"}</skos:prefLabel>
    <skos:inScheme rdf:resource="http://sheepproject:8000582f3d15-0f1d-45e1-8eb1-4243d4aa3ec7"/>
    <dcterms:identifier xml:lang="en">{"id": "dbccb4c2-97bf-46e2-856b-0d2d0922a723", "value": "http://localhost:8000/adc09457-1f06-4361-898f-13843cf0697a"}</dcterms:identifier>
  </skos:Concept>
</rdf:RDF>
