<?xml version="1.0" encoding="utf-8"?>
<rdf:RDF
  xmlns:dcterms="http://purl.org/dc/terms/"
  xmlns:skos="http://www.w3.org/2004/02/skos/core#"
  xmlns:rdf="http://www.w3.org/1999/02/22-rdf-syntax-ns#"
>
  <skos:ConceptScheme rdf:about="http://sheepproject:8000f5a1f25e-94c0-4cfb-8a29-e3db47c03410">
    <dcterms:identifier xml:lang="en">{"id": "1c01c103-6a29-4fe5-9e0f-de8fd39ce094", "value": "http://localhost:8000/f5a1f25e-94c0-4cfb-8a29-e3db47c03410"}</dcterms:identifier>
    <dcterms:title xml:lang="en">{"id": "b9f0a6c5-c512-4c8c-bb1d-4645efd2859f", "value": "Sheep Breed"}</dcterms:title>
    <skos:hasTopConcept>
      <skos:Concept rdf:about="http://sheepproject:8000b12efb5e-1794-4936-a85d-f3249a140720">
        <dcterms:identifier xml:lang="en">{"id": "c12f2cdf-35c0-4087-aa74-7384c815ce6e", "value": "http://localhost:8000/b12efb5e-1794-4936-a85d-f3249a140720"}</dcterms:identifier>
        <skos:inScheme rdf:resource="http://sheepproject:8000f5a1f25e-94c0-4cfb-8a29-e3db47c03410"/>
        <skos:prefLabel xml:lang="en">{"id": "f81d52e3-0fb9-4130-869c-88a9876c8a3b", "value": "Shetland"}</skos:prefLabel>
      </skos:Concept>
    </skos:hasTopConcept>
    <skos:hasTopConcept>
      <skos:Concept rdf:about="http://sheepproject:800059ee8a47-3a38-4b1a-9eb2-ede68f4a2e45">
        <skos:inScheme rdf:resource="http://sheepproject:8000f5a1f25e-94c0-4cfb-8a29-e3db47c03410"/>
        <dcterms:identifier xml:lang="en">{"id": "35e05873-ac54-4fba-adda-3a50b1dafb7b", "value": "http://localhost:8000/59ee8a47-3a38-4b1a-9eb2-ede68f4a2e45"}</dcterms:identifier>
        <skos:prefLabel xml:lang="en">{"id": "da35cb35-6c11-4d40-9f1c-1d7965e94726", "value": "Cotswold"}</skos:prefLabel>
      </skos:Concept>
    </skos:hasTopConcept>
    <dcterms:description xml:lang="en">{"id": "da9e03aa-0845-41c4-b94e-ff6d4884b1f2", "value": "Breeds of sheep"}</dcterms:description>
    <skos:hasTopConcept>
      <skos:Concept rdf:about="http://sheepproject:80006380b3b0-b236-42b5-81f2-2f99f320c25b">
        <skos:inScheme rdf:resource="http://sheepproject:8000f5a1f25e-94c0-4cfb-8a29-e3db47c03410"/>
        <dcterms:identifier xml:lang="en">{"id": "3ead4552-de95-426a-bf4d-75e24e0c5c1f", "value": "http://localhost:8000/6380b3b0-b236-42b5-81f2-2f99f320c25b"}</dcterms:identifier>
        <skos:prefLabel xml:lang="en">{"id": "4769db05-b2ce-426d-be3b-480ce3a80633", "value": "Lleyn"}</skos:prefLabel>
      </skos:Concept>
    </skos:hasTopConcept>
    <skos:hasTopConcept>
      <skos:Concept rdf:about="http://sheepproject:80000978d080-0eda-45b5-b04a-b0e23e168ad1">
        <skos:inScheme rdf:resource="http://sheepproject:8000f5a1f25e-94c0-4cfb-8a29-e3db47c03410"/>
        <dcterms:identifier xml:lang="en">{"id": "bb6f2d58-34bc-4afc-9a66-0c66ff9b4209", "value": "http://localhost:8000/0978d080-0eda-45b5-b04a-b0e23e168ad1"}</dcterms:identifier>
        <skos:prefLabel xml:lang="en">{"id": "511b4722-76a8-4113-aa6c-643a964decd8", "value": "Suffolk"}</skos:prefLabel>
      </skos:Concept>
    </skos:hasTopConcept>
    <skos:hasTopConcept>
      <skos:Concept rdf:about="http://sheepproject:800073d3b9f2-79a9-41d5-b983-08b8303052e4">
        <skos:prefLabel xml:lang="en">{"id": "66d136a9-56fa-4821-97d5-9610b6a0c4e3", "value": "British Mule"}</skos:prefLabel>
        <skos:inScheme rdf:resource="http://sheepproject:8000f5a1f25e-94c0-4cfb-8a29-e3db47c03410"/>
        <dcterms:identifier xml:lang="en">{"id": "46b00c83-bb9c-479f-9d4c-ff4dae474ee9", "value": "http://localhost:8000/73d3b9f2-79a9-41d5-b983-08b8303052e4"}</dcterms:identifier>
      </skos:Concept>
    </skos:hasTopConcept>
    <skos:hasTopConcept>
      <skos:Concept rdf:about="http://sheepproject:8000a77feb21-2506-469c-8d15-0ec9a30452d8">
        <skos:inScheme rdf:resource="http://sheepproject:8000f5a1f25e-94c0-4cfb-8a29-e3db47c03410"/>
        <skos:prefLabel xml:lang="en">{"id": "8fdc837c-ab6d-418b-9708-910b0b67d3c7", "value": "Lincoln"}</skos:prefLabel>
        <dcterms:identifier xml:lang="en">{"id": "16425df3-8099-417b-ad65-7c329966c0ac", "value": "http://localhost:8000/a77feb21-2506-469c-8d15-0ec9a30452d8"}</dcterms:identifier>
      </skos:Concept>
    </skos:hasTopConcept>
  </skos:ConceptScheme>
</rdf:RDF>
