{
	"business_data_load_order": ["Test_Model_Places_Data.json","Test_Model_Sheep_Data.json"],
	"permitted_resource_relationships": [
		{
			"resource2resourceid": "d0ad48d8-5a53-11eb-83e2-c0b8832fa043",
			"resourceclassfrom_id": "5e8dcba2-3ac8-11eb-8571-c0b8832fa043",
			"resourceclassto_id": "5e8dcba2-3ac8-11eb-8571-c0b8832fa043"
		},
		{
			"resource2resourceid": "d0ae3234-5a53-11eb-977b-c0b8832fa043",
			"resourceclassfrom_id": "5e8dcba2-3ac8-11eb-8571-c0b8832fa043",
			"resourceclassto_id": "1fe4bf70-3a3c-11eb-9ccb-c0b8832fa043"
		}
	]
}
